Ticker,company,minusfiftyper,minustwentyfiveper,minusfifteenper,minustenper,minuseightper,minussixper,minusfourper,minustwoper,twoper,fourper,sixper,eightper,tenper,fifteenper,twentyfiveper,fiftyper,ticker_company
A,"AGILENT TECHNOLOGIES INC",0.00000001,0.0000001,0.000001,0.00001,0.02,0.04,0.13,0.18,0.39,0.13,0.02,0.01,0.0001,0.00001,0.000001,0.000001,"A,AGILENT TECHNOLOGIES INC"
AAL,"AMERICAN AIRLINES GROUP INC",0.00000001,0.0000001,0.01,0.05,0.08,0.15,0.22,0.36,0.38,0.24,0.13,0.07,0.03,0.00001,0.000001,0.000001,"AAL,AMERICAN AIRLINES GROUP INC"
AAP,"ADVANCE AUTO PARTS INC",0.00000001,0.0000001,0.03,0.06,0.07,0.13,0.21,0.32,0.31,0.16,0.09,0.05,0.03,0.01,0.000001,0.000001,"AAP,ADVANCE AUTO PARTS INC"
AAPL,"APPLE INC",0.00000001,0.0000001,0.000001,0.02,0.03,0.05,0.1,0.2,0.32,0.14,0.08,0.02,0.01,0.00001,0.000001,0.000001,"AAPL,APPLE INC"
ABBV,"ABBVIE INC",0.00000001,0.0000001,0.01,0.01,0.01,0.06,0.12,0.28,0.34,0.17,0.04,0.03,0.03,0.02,0.000001,0.000001,"ABBV,ABBVIE INC"
ABC,"AMERISOURCEBERGEN CORP",0.00000001,0.0000001,0.01,0.05,0.05,0.1,0.17,0.29,0.32,0.16,0.06,0.04,0.0001,0.00001,0.000001,0.000001,"ABC,AMERISOURCEBERGEN CORP"
ABMD,"ABIOMED INC",0.00000001,0.0000001,0.04,0.04,0.05,0.07,0.1,0.14,0.5,0.25,0.15,0.08,0.03,0.01,0.000001,0.000001,"ABMD,ABIOMED INC"
ABT,"ABBOTT LABORATORIES",0.00000001,0.0000001,0.000001,0.02,0.02,0.03,0.06,0.18,0.3,0.12,0.04,0.01,0.0001,0.00001,0.000001,0.000001,"ABT,ABBOTT LABORATORIES"
ACN,"ACCENTURE PLC",0.00000001,0.0000001,0.000001,0.01,0.01,0.04,0.07,0.19,0.27,0.09,0.04,0.001,0.0001,0.00001,0.000001,0.000001,"ACN,ACCENTURE PLC"
ADBE,"ADOBE SYSTEMS INC",0.00000001,0.0000001,0.01,0.01,0.02,0.06,0.08,0.13,0.39,0.15,0.06,0.05,0.01,0.00001,0.000001,0.000001,"ADBE,ADOBE SYSTEMS INC"
ADI,"ANALOG DEVICES",0.00000001,0.0000001,0.000001,0.01,0.03,0.03,0.07,0.22,0.31,0.19,0.05,0.01,0.0001,0.00001,0.000001,0.000001,"ADI,ANALOG DEVICES"
ADM,"ARCHER-DANIELS-MIDLAND CO",0.00000001,0.0000001,0.000001,0.02,0.06,0.07,0.11,0.26,0.26,0.12,0.09,0.03,0.02,0.00001,0.000001,0.000001,"ADM,ARCHER-DANIELS-MIDLAND CO"
ADP,"AUTOMATIC DATA PROCESSING",0.00000001,0.0000001,0.000001,0.01,0.02,0.05,0.08,0.16,0.3,0.08,0.03,0.01,0.01,0.00001,0.000001,0.000001,"ADP,AUTOMATIC DATA PROCESSING"
ADS,"ALLIANCE DATA SYSTEMS CORP",0.00000001,0.0000001,0.01,0.04,0.07,0.11,0.21,0.32,0.32,0.2,0.07,0.03,0.01,0.00001,0.000001,0.000001,"ADS,ALLIANCE DATA SYSTEMS CORP"
ADSK,"AUTODESK INC",0.00000001,0.0000001,0.01,0.04,0.06,0.08,0.15,0.24,0.41,0.25,0.11,0.05,0.04,0.02,0.000001,0.000001,"ADSK,AUTODESK INC"
AEE,"AMEREN CORP",0.00000001,0.0000001,0.000001,0.00001,0.0001,0.01,0.06,0.2,0.26,0.07,0.01,0.001,0.0001,0.00001,0.000001,0.000001,"AEE,AMEREN CORP"
AEP,"AMERICAN ELECTRIC POWER CO",0.00000001,0.0000001,0.000001,0.00001,0.0001,0.02,0.08,0.19,0.25,0.07,0.01,0.001,0.0001,0.00001,0.000001,0.000001,"AEP,AMERICAN ELECTRIC POWER CO"
AES,"AES CORP",0.00000001,0.0000001,0.000001,0.02,0.05,0.08,0.15,0.22,0.35,0.17,0.05,0.01,0.0001,0.00001,0.000001,0.000001,"AES,AES CORP"
AET,"AETNA INC",0.00000001,0.0000001,0.000001,0.00001,0.0001,0.01,0.06,0.22,0.26,0.12,0.06,0.02,0.02,0.00001,0.000001,0.000001,"AET,AETNA INC"
AFL,"AFLAC INC",0.01,0.01,0.01,0.01,0.01,0.02,0.06,0.1,0.19,0.07,0.01,0,0,0,0,0,"AFL,AFLAC INC"
AGN,"ALLERGAN PLC",0.00000001,0.0000001,0.01,0.03,0.05,0.09,0.19,0.38,0.31,0.15,0.06,0.02,0.01,0.00001,0.000001,0.000001,"AGN,ALLERGAN PLC"
AIG,"AMERICAN INTERNATIONAL GROUP",0.00000001,0.0000001,0.000001,0.00001,0.02,0.04,0.14,0.23,0.27,0.09,0.03,0.01,0.0001,0.00001,0.000001,0.000001,"AIG,AMERICAN INTERNATIONAL GROUP"
AIV,"APARTMENT INVST & MGMT CO",0.00000001,0.0000001,0.000001,0.02,0.03,0.07,0.14,0.21,0.28,0.11,0.02,0.001,0.0001,0.00001,0.000001,0.000001,"AIV,APARTMENT INVST & MGMT CO"
AIZ,"ASSURANT INC",0.00000001,0.0000001,0.000001,0.01,0.03,0.08,0.14,0.19,0.28,0.13,0.05,0.01,0.0001,0.00001,0.000001,0.000001,"AIZ,ASSURANT INC"
AJG,"ARTHUR J GALLAGHER & CO",0.00000001,0.0000001,0.000001,0.00001,0.01,0.01,0.04,0.12,0.26,0.1,0.01,0.01,0.0001,0.00001,0.000001,0.000001,"AJG,ARTHUR J GALLAGHER & CO"
AKAM,"AKAMAI TECHNOLOGIES INC",0.00000001,0.0000001,0.02,0.08,0.1,0.12,0.17,0.28,0.33,0.16,0.06,0.04,0.04,0.02,0.01,0.000001,"AKAM,AKAMAI TECHNOLOGIES INC"
ALB,"ALBEMARLE CORP",0.00000001,0.0000001,0.02,0.04,0.04,0.07,0.17,0.29,0.4,0.2,0.12,0.07,0.01,0.00001,0.000001,0.000001,"ALB,ALBEMARLE CORP"
ALGN,"ALIGN TECHNOLOGY INC",0.00000001,0.0000001,0.01,0.03,0.03,0.07,0.1,0.19,0.5,0.31,0.19,0.08,0.04,0.01,0.000001,0.000001,"ALGN,ALIGN TECHNOLOGY INC"
ALK,"ALASKA AIR GROUP INC",0.00000001,0.0000001,0.03,0.04,0.05,0.11,0.19,0.31,0.33,0.22,0.09,0.02,0.0001,0.00001,0.000001,0.000001,"ALK,ALASKA AIR GROUP INC"
ALL,"ALLSTATE CORP",0.00000001,0.0000001,0.000001,0.00001,0.01,0.02,0.03,0.14,0.25,0.05,0.01,0.001,0.0001,0.00001,0.000001,0.000001,"ALL,ALLSTATE CORP"
ALLE,"ALLEGION PLC",0.00000001,0.0000001,0.000001,0.03,0.05,0.06,0.08,0.17,0.31,0.06,0.04,0.03,0.0001,0.00001,0.000001,0.000001,"ALLE,ALLEGION PLC"
ALXN,"ALEXION PHARMACEUTICALS INC",0.00000001,0.0000001,0.01,0.06,0.12,0.15,0.26,0.37,0.38,0.24,0.12,0.04,0.02,0.00001,0.000001,0.000001,"ALXN,ALEXION PHARMACEUTICALS INC"
AMAT,"APPLIED MATERIALS INC",0.00000001,0.0000001,0.000001,0.03,0.05,0.11,0.14,0.22,0.46,0.26,0.12,0.04,0.03,0.01,0.000001,0.000001,"AMAT,APPLIED MATERIALS INC"
AMD,"ADVANCED MICRO DEVICES",0.00000001,0.02,0.07,0.11,0.14,0.17,0.2,0.28,0.54,0.41,0.37,0.24,0.17,0.07,0.000001,0.000001,"AMD,ADVANCED MICRO DEVICES"
AME,"AMETEK INC",0.00000001,0.0000001,0.000001,0.01,0.02,0.02,0.09,0.2,0.25,0.1,0.02,0.01,0.0001,0.00001,0.000001,0.000001,"AME,AMETEK INC"
AMG,"AFFILIATED MANAGERS GRP INC",0.00000001,0.0000001,0.01,0.04,0.07,0.13,0.19,0.31,0.34,0.16,0.09,0.04,0.03,0.00001,0.000001,0.000001,"AMG,AFFILIATED MANAGERS GRP INC"
AMGN,"AMGEN INC",0.00000001,0.0000001,0.01,0.02,0.03,0.05,0.11,0.22,0.32,0.16,0.02,0.001,0.0001,0.00001,0.000001,0.000001,"AMGN,AMGEN INC"
AMP,"AMERIPRISE FINANCIAL INC",0.00000001,0.0000001,0.000001,0.04,0.04,0.09,0.14,0.26,0.32,0.18,0.08,0.01,0.01,0.01,0.000001,0.000001,"AMP,AMERIPRISE FINANCIAL INC"
AMT,"AMERICAN TOWER CORP",0.00000001,0.0000001,0.000001,0.01,0.02,0.04,0.09,0.16,0.31,0.11,0.04,0.001,0.0001,0.00001,0.000001,0.000001,"AMT,AMERICAN TOWER CORP"
AMZN,"AMAZON.COM INC",0.00000001,0.0000001,0.01,0.02,0.03,0.04,0.06,0.17,0.41,0.2,0.1,0.03,0.01,0.00001,0.000001,0.000001,"AMZN,AMAZON.COM INC"
ANDV,ANDEAVOR,0.00000001,0.0000001,0.02,0.03,0.04,0.09,0.18,0.33,0.35,0.17,0.11,0.07,0.03,0.01,0.000001,0.000001,"ANDV,ANDEAVOR"
ANSS,"ANSYS INC",0.00000001,0.0000001,0.000001,0.01,0.01,0.02,0.08,0.23,0.35,0.16,0.05,0.02,0.01,0.00001,0.000001,0.000001,"ANSS,ANSYS INC"
ANTM,"ANTHEM INC",0.00000001,0.0000001,0.000001,0.00001,0.01,0.04,0.12,0.18,0.31,0.1,0.04,0.02,0.01,0.00001,0.000001,0.000001,"ANTM,ANTHEM INC"
AON,"AON PLC",0.00000001,0.0000001,0.000001,0.00001,0.0001,0.02,0.02,0.13,0.26,0.06,0.01,0.001,0.0001,0.00001,0.000001,0.000001,"AON,AON PLC"
AOS,"SMITH (A O) CORP",0.01,0.01,0.02,0.02,0.05,0.09,0.1,0.2,0.33,0.13,0.04,0.01,0.01,0,0,0,"AOS,SMITH (A O) CORP"
APA,"APACHE CORP",0.00000001,0.0000001,0.03,0.08,0.11,0.14,0.22,0.35,0.36,0.25,0.17,0.08,0.04,0.02,0.000001,0.000001,"APA,APACHE CORP"
APC,"ANADARKO PETROLEUM CORP",0.00000001,0.01,0.03,0.08,0.1,0.11,0.2,0.34,0.34,0.23,0.12,0.06,0.06,0.01,0.000001,0.000001,"APC,ANADARKO PETROLEUM CORP"
APD,"AIR PRODUCTS & CHEMICALS INC",0.00000001,0.0000001,0.000001,0.02,0.02,0.03,0.06,0.17,0.27,0.07,0.02,0.001,0.0001,0.00001,0.000001,0.000001,"APD,AIR PRODUCTS & CHEMICALS INC"
APH,"AMPHENOL CORP",0.00000001,0.0000001,0.000001,0.01,0.01,0.02,0.04,0.15,0.24,0.06,0.01,0.001,0.0001,0.00001,0.000001,0.000001,"APH,AMPHENOL CORP"
APTV,"APTIV PLC",0.00000001,0.0000001,0.02,0.06,0.08,0.09,0.11,0.25,0.32,0.2,0.08,0.04,0.02,0.00001,0.000001,0.000001,"APTV,APTIV PLC"
ARE,"ALEXANDRIA R E EQUITIES INC",0.00000001,0.0000001,0.000001,0.01,0.03,0.05,0.09,0.21,0.32,0.08,0.01,0.001,0.0001,0.00001,0.000001,0.000001,"ARE,ALEXANDRIA R E EQUITIES INC"
ARNC,"ARCONIC INC",0.00000001,0.016,0.032,0.064,0.064,0.096,0.192,0.336,0.352,0.256,0.144,0.128,0.048,0.016,0.000001,0.000001,"ARNC,ARCONIC INC"
ATVI,"ACTIVISION BLIZZARD INC",0.00000001,0.0000001,0.01,0.02,0.04,0.07,0.12,0.22,0.41,0.27,0.07,0.03,0.01,0.00001,0.000001,0.000001,"ATVI,ACTIVISION BLIZZARD INC"
AVB,"AVALONBAY COMMUNITIES INC",0.00000001,0.0000001,0.000001,0.00001,0.01,0.04,0.1,0.24,0.19,0.04,0.01,0.001,0.0001,0.00001,0.000001,0.000001,"AVB,AVALONBAY COMMUNITIES INC"
AVGO,"BROADCOM INC",0.00000001,0.0000001,0.02,0.03,0.04,0.07,0.16,0.23,0.35,0.24,0.1,0.03,0.03,0.00001,0.000001,0.000001,"AVGO,BROADCOM INC"
AVY,"AVERY DENNISON CORP",0.00000001,0.0000001,0.000001,0.00001,0.01,0.02,0.06,0.15,0.3,0.07,0.04,0.001,0.0001,0.00001,0.000001,0.000001,"AVY,AVERY DENNISON CORP"
AWK,"AMERICAN WATER WORKS CO INC",0.00000001,0.0000001,0.000001,0.00001,0.0001,0.05,0.08,0.16,0.25,0.07,0.01,0.001,0.0001,0.00001,0.000001,0.000001,"AWK,AMERICAN WATER WORKS CO INC"
AXP,"AMERICAN EXPRESS CO",0.00000001,0.0000001,0.01,0.02,0.02,0.03,0.07,0.2,0.25,0.1,0.04,0.03,0.01,0.00001,0.000001,0.000001,"AXP,AMERICAN EXPRESS CO"
AYI,"ACUITY BRANDS INC",0.00000001,0.0000001,0.03,0.07,0.11,0.18,0.22,0.36,0.33,0.17,0.11,0.04,0.03,0.00001,0.000001,0.000001,"AYI,ACUITY BRANDS INC"
AZO,"AUTOZONE INC",0.00000001,0.0000001,0.000001,0.02,0.04,0.06,0.13,0.26,0.29,0.11,0.05,0.02,0.0001,0.00001,0.000001,0.000001,"AZO,AUTOZONE INC"
BA,"BOEING CO",0.00000001,0.0000001,0.000001,0.01,0.01,0.04,0.09,0.14,0.33,0.16,0.05,0.03,0.01,0.00001,0.000001,0.000001,"BA,BOEING CO"
BAC,"BANK OF AMERICA CORP",0.00000001,0.0000001,0.01,0.03,0.03,0.04,0.11,0.24,0.35,0.16,0.09,0.05,0.03,0.00001,0.000001,0.000001,"BAC,BANK OF AMERICA CORP"
BAX,"BAXTER INTERNATIONAL INC",0.00000001,0.0000001,0.000001,0.00001,0.01,0.02,0.06,0.14,0.31,0.06,0.02,0.01,0.0001,0.00001,0.000001,0.000001,"BAX,BAXTER INTERNATIONAL INC"
BBT,"BB&T CORP",0.00000001,0.0000001,0.000001,0.01,0.01,0.01,0.09,0.24,0.32,0.08,0.02,0.01,0.0001,0.00001,0.000001,0.000001,"BBT,BB&T CORP"
BBY,"BEST BUY CO INC",0.00000001,0.0000001,0.01,0.03,0.04,0.11,0.16,0.27,0.4,0.2,0.12,0.04,0.03,0.00001,0.000001,0.000001,"BBY,BEST BUY CO INC"
BDX,"BECTON DICKINSON & CO",0.00000001,0.0000001,0.000001,0.01,0.03,0.03,0.04,0.14,0.27,0.08,0.02,0.001,0.0001,0.00001,0.000001,0.000001,"BDX,BECTON DICKINSON & CO"
BEN,"FRANKLIN RESOURCES INC",0.00000001,0.0000001,0.000001,0.04,0.07,0.07,0.15,0.28,0.3,0.17,0.04,0.02,0.01,0.00001,0.000001,0.000001,"BEN,FRANKLIN RESOURCES INC"
BF.B,"BROWN FORMAN CORP",0.01,0.02,0.02,0.02,0.06,0.06,0.11,0.24,0.28,0.1,0.06,0.01,0,0,0,0,"BF.B,BROWN FORMAN CORP"
BHF,"BRIGHTHOUSE FINANL INC",0.00000001,0.0000001,0.000001,0.0263,0.0789,0.1841,0.2893,0.3945,0.2104,0.0789,0.01,0.001,0.0001,0.00001,0.000001,0.000001,"BHF,BRIGHTHOUSE FINANL INC"
BHGE,"BAKER HUGHES A GE CO",0.00000001,0.0000001,0.0263,0.0526,0.1052,0.1841,0.2104,0.3156,0.3419,0.1841,0.1052,0.0526,0.0001,0.00001,0.000001,0.000001,"BHGE,BAKER HUGHES A GE CO"
BIIB,"BIOGEN INC",0.00000001,0.0000001,0.01,0.04,0.06,0.09,0.18,0.28,0.33,0.19,0.08,0.05,0.02,0.01,0.000001,0.000001,"BIIB,BIOGEN INC"
BK,"BANK OF NEW YORK MELLON CORP",0.00000001,0.0000001,0.000001,0.01,0.01,0.03,0.1,0.22,0.32,0.07,0.05,0.02,0.0001,0.00001,0.000001,0.000001,"BK,BANK OF NEW YORK MELLON CORP"
BKNG,"BOOKING HOLDINGS INC",0.00000001,0.0000001,0.01,0.04,0.05,0.08,0.12,0.18,0.3,0.12,0.05,0.02,0.01,0.01,0.000001,0.000001,"BKNG,BOOKING HOLDINGS INC"
BLK,"BLACKROCK INC",0.00000001,0.0000001,0.000001,0.01,0.01,0.03,0.08,0.2,0.31,0.11,0.04,0.02,0.0001,0.00001,0.000001,0.000001,"BLK,BLACKROCK INC"
BLL,"BALL CORP",0.01,0.01,0.01,0.01,0.01,0.01,0.08,0.26,0.23,0.09,0.02,0.01,0.01,0,0,0,"BLL,BALL CORP"
BMY,"BRISTOL-MYERS SQUIBB CO",0.00000001,0.0000001,0.03,0.04,0.05,0.06,0.11,0.25,0.28,0.13,0.04,0.01,0.0001,0.00001,0.000001,0.000001,"BMY,BRISTOL-MYERS SQUIBB CO"
BMYMP,"BRISTOL-MYERS SQUIBB CO",0.01,0.01,0.03,0.07,0.09,0.14,0.18,0.25,0.34,0.19,0.12,0.06,0.02,0.01,0.01,0.01,"BMYMP,BRISTOL-MYERS SQUIBB CO"
BRK.B,"BERKSHIRE HATHAWAY",0.00000001,0.0000001,0.000001,0.00001,0.0001,0.01,0.03,0.15,0.23,0.07,0.02,0.001,0.0001,0.00001,0.000001,0.000001,"BRK.B,BERKSHIRE HATHAWAY"
BSX,"BOSTON SCIENTIFIC CORP",0.00000001,0.0000001,0.000001,0.01,0.01,0.05,0.06,0.17,0.34,0.12,0.03,0.01,0.01,0.00001,0.000001,0.000001,"BSX,BOSTON SCIENTIFIC CORP"
BTC,Bitcoin,0.00000001,0.01,0.03,0.13,0.17,0.19,0.21,0.29,0.54,0.42,0.34,0.32,0.27,0.19,0.09,0.000001,"BTC,Bitcoin"
BWA,"BORGWARNER INC",0.00000001,0.0000001,0.03,0.05,0.06,0.11,0.19,0.29,0.36,0.2,0.1,0.05,0.01,0.00001,0.000001,0.000001,"BWA,BORGWARNER INC"
BXP,"BOSTON PROPERTIES INC",0.00000001,0.0000001,0.000001,0.00001,0.0001,0.07,0.14,0.18,0.23,0.06,0.01,0.001,0.0001,0.00001,0.000001,0.000001,"BXP,BOSTON PROPERTIES INC"
C,"CITIGROUP INC",0.00000001,0.0000001,0.000001,0.03,0.04,0.05,0.12,0.23,0.33,0.16,0.04,0.02,0.01,0.00001,0.000001,0.000001,"C,CITIGROUP INC"
CA,"CA INC",0.00000001,0.0000001,0.000001,0.02,0.02,0.03,0.09,0.17,0.22,0.09,0.04,0.04,0.02,0.01,0.000001,0.000001,"CA,CA INC"
CAG,"CONAGRA BRANDS INC",0.00000001,0.01,0.01,0.02,0.02,0.05,0.12,0.22,0.26,0.09,0.02,0.001,0.0001,0.00001,0.000001,0.000001,"CAG,CONAGRA BRANDS INC"
CAH,"CARDINAL HEALTH INC",0.00000001,0.0000001,0.02,0.06,0.08,0.12,0.17,0.25,0.27,0.13,0.06,0.01,0.0001,0.00001,0.000001,0.000001,"CAH,CARDINAL HEALTH INC"
CAT,"CATERPILLAR INC",0.00000001,0.0000001,0.000001,0.01,0.02,0.08,0.15,0.26,0.41,0.24,0.06,0.02,0.01,0.00001,0.000001,0.000001,"CAT,CATERPILLAR INC"
CB,"CHUBB LTD",0.00000001,0.0000001,0.000001,0.00001,0.01,0.01,0.04,0.13,0.22,0.07,0.01,0.001,0.0001,0.00001,0.000001,0.000001,"CB,CHUBB LTD"
CBOE,"CBOE GLOBAL MARKETS INC",0.00000001,0.0000001,0.01,0.01,0.02,0.05,0.1,0.18,0.33,0.07,0.03,0.02,0.01,0.00001,0.000001,0.000001,"CBOE,CBOE GLOBAL MARKETS INC"
CBRE,"CBRE GROUP INC",0.00000001,0.0000001,0.01,0.03,0.06,0.06,0.12,0.25,0.34,0.16,0.1,0.03,0.02,0.00001,0.000001,0.000001,"CBRE,CBRE GROUP INC"
CBS,"CBS CORP",0.00000001,0.0000001,0.000001,0.01,0.03,0.05,0.16,0.27,0.29,0.16,0.05,0.03,0.01,0.00001,0.000001,0.000001,"CBS,CBS CORP"
CCI,"CROWN CASTLE INTL CORP",0.00000001,0.0000001,0.000001,0.00001,0.0001,0.03,0.08,0.17,0.24,0.07,0.02,0.01,0.0001,0.00001,0.000001,0.000001,"CCI,CROWN CASTLE INTL CORP"
CCL,"CARNIVAL CORP/PLC (USA)",0.00000001,0.0000001,0.000001,0.02,0.03,0.05,0.1,0.27,0.31,0.13,0.03,0.01,0.0001,0.00001,0.000001,0.000001,"CCL,CARNIVAL CORP/PLC (USA)"
CCZ,"COMCAST CORP",0.00000001,0.0000001,0.000001,0.06,0.06,0.13,0.15,0.3,0.24,0.17,0.11,0.08,0.05,0.02,0.000001,0.000001,"CCZ,COMCAST CORP"
CDNS,"CADENCE DESIGN SYSTEMS INC",0.00000001,0.0000001,0.01,0.02,0.03,0.03,0.08,0.15,0.34,0.14,0.03,0.01,0.01,0.00001,0.000001,0.000001,"CDNS,CADENCE DESIGN SYSTEMS INC"
CELG,"CELGENE CORP",0.00000001,0.01,0.01,0.02,0.05,0.09,0.16,0.26,0.27,0.13,0.09,0.01,0.01,0.00001,0.000001,0.000001,"CELG,CELGENE CORP"
CELGZ,"CELGENE CORP",0.01,0.01,0.09,0.16,0.19,0.23,0.32,0.42,0.33,0.23,0.19,0.15,0.13,0.08,0.04,0,"CELGZ,CELGENE CORP"
CERN,"CERNER CORP",0.00000001,0.0000001,0.000001,0.01,0.06,0.07,0.17,0.27,0.28,0.11,0.07,0.02,0.0001,0.00001,0.000001,0.000001,"CERN,CERNER CORP"
CF,"CF INDUSTRIES HOLDINGS INC",0.00000001,0.01,0.02,0.08,0.12,0.23,0.31,0.39,0.39,0.27,0.19,0.1,0.05,0.01,0.000001,0.000001,"CF,CF INDUSTRIES HOLDINGS INC"
CFG,"CITIZENS FINANCIAL GROUP INC",0.00000001,0.0000001,0.000001,0.02,0.04,0.08,0.16,0.29,0.37,0.21,0.08,0.04,0.01,0.00001,0.000001,0.000001,"CFG,CITIZENS FINANCIAL GROUP INC"
CGBBW,"CITIGROUP INC",0.21,0.29,0.39,0.42,0.45,0.45,0.45,0.45,0.3,0.3,0.29,0.28,0.28,0.25,0.2,0.09,"CGBBW,CITIGROUP INC"
CHD,"CHURCH & DWIGHT INC",0.01,0.01,0.01,0.01,0.01,0.04,0.1,0.17,0.24,0.09,0.01,0,0,0,0,0,"CHD,CHURCH & DWIGHT INC"
CHRW,"C H ROBINSON WORLDWIDE INC",0.00000001,0.0000001,0.000001,0.02,0.03,0.03,0.11,0.24,0.28,0.12,0.02,0.01,0.0001,0.00001,0.000001,0.000001,"CHRW,C H ROBINSON WORLDWIDE INC"
CHTR,"CHARTER COMMUNICATIONS INC",0.00000001,0.0000001,0.01,0.02,0.02,0.07,0.11,0.23,0.29,0.18,0.09,0.03,0.0001,0.00001,0.000001,0.000001,"CHTR,CHARTER COMMUNICATIONS INC"
CI,"CIGNA CORP",0.00000001,0.0000001,0.000001,0.02,0.02,0.03,0.09,0.2,0.31,0.07,0.02,0.01,0.0001,0.00001,0.000001,0.000001,"CI,CIGNA CORP"
CINF,"CINCINNATI FINANCIAL CORP",0.00000001,0.0000001,0.000001,0.00001,0.01,0.04,0.08,0.18,0.25,0.11,0.01,0.001,0.0001,0.00001,0.000001,0.000001,"CINF,CINCINNATI FINANCIAL CORP"
CL,"COLGATE-PALMOLIVE CO",0.00000001,0.0000001,0.000001,0.00001,0.01,0.02,0.08,0.17,0.19,0.02,0.01,0.001,0.0001,0.00001,0.000001,0.000001,"CL,COLGATE-PALMOLIVE CO"
CLX,"CLOROX CO/DE",0.00000001,0.0000001,0.000001,0.01,0.01,0.02,0.04,0.23,0.23,0.04,0.02,0.001,0.0001,0.00001,0.000001,0.000001,"CLX,CLOROX CO/DE"
CMA,"COMERICA INC",0.00000001,0.0000001,0.000001,0.01,0.02,0.06,0.13,0.25,0.4,0.21,0.07,0.05,0.03,0.00001,0.000001,0.000001,"CMA,COMERICA INC"
CMCSA,"COMCAST CORP",0.01,0.01,0.01,0.01,0.02,0.04,0.12,0.21,0.25,0.1,0.03,0.01,0,0,0,0,"CMCSA,COMCAST CORP"
CME,"CME GROUP INC",0.00000001,0.0000001,0.000001,0.00001,0.0001,0.02,0.06,0.19,0.31,0.11,0.04,0.01,0.0001,0.00001,0.000001,0.000001,"CME,CME GROUP INC"
CMG,"CHIPOTLE MEXICAN GRILL INC",0.00000001,0.0000001,0.03,0.05,0.12,0.19,0.26,0.37,0.33,0.18,0.13,0.06,0.05,0.01,0.000001,0.000001,"CMG,CHIPOTLE MEXICAN GRILL INC"
CMI,"CUMMINS INC",0.00000001,0.0000001,0.000001,0.02,0.05,0.08,0.16,0.28,0.37,0.15,0.04,0.02,0.0001,0.00001,0.000001,0.000001,"CMI,CUMMINS INC"
CMS,"CMS ENERGY CORP",0.00000001,0.0000001,0.000001,0.00001,0.0001,0.02,0.09,0.16,0.26,0.05,0.01,0.001,0.0001,0.00001,0.000001,0.000001,"CMS,CMS ENERGY CORP"
CNC,"CENTENE CORP",0.00000001,0.0000001,0.01,0.03,0.03,0.05,0.1,0.22,0.37,0.2,0.07,0.02,0.0001,0.00001,0.000001,0.000001,"CNC,CENTENE CORP"
CNP,"CENTERPOINT ENERGY INC",0.00000001,0.0000001,0.000001,0.01,0.01,0.03,0.07,0.17,0.28,0.08,0.02,0.01,0.0001,0.00001,0.000001,0.000001,"CNP,CENTERPOINT ENERGY INC"
COF,"CAPITAL ONE FINANCIAL CORP",0.00000001,0.0000001,0.000001,0.02,0.03,0.06,0.12,0.25,0.33,0.13,0.08,0.02,0.01,0.00001,0.000001,0.000001,"COF,CAPITAL ONE FINANCIAL CORP"
COG,"CABOT OIL & GAS CORP",0.00000001,0.0000001,0.01,0.04,0.07,0.1,0.21,0.34,0.31,0.22,0.07,0.03,0.03,0.01,0.000001,0.000001,"COG,CABOT OIL & GAS CORP"
COL,"ROCKWELL COLLINS INC",0.00000001,0.0000001,0.000001,0.00001,0.0001,0.02,0.04,0.2,0.25,0.1,0.03,0.01,0.0001,0.00001,0.000001,0.000001,"COL,ROCKWELL COLLINS INC"
COO,"COOPER COMPANIES INC",0.00000001,0.0000001,0.000001,0.00001,0.02,0.03,0.09,0.22,0.33,0.09,0.04,0.03,0.0001,0.00001,0.000001,0.000001,"COO,COOPER COMPANIES INC"
COP,CONOCOPHILLIPS,0.00000001,0.0000001,0.02,0.06,0.07,0.1,0.14,0.31,0.35,0.23,0.12,0.05,0.03,0.00001,0.000001,0.000001,"COP,CONOCOPHILLIPS"
COST,"COSTCO WHOLESALE CORP",0.00000001,0.0000001,0.000001,0.01,0.02,0.06,0.11,0.2,0.27,0.11,0.01,0.001,0.0001,0.00001,0.000001,0.000001,"COST,COSTCO WHOLESALE CORP"
COTY,"COTY INC",0.00000001,0.0000001,0.03,0.08,0.09,0.13,0.22,0.39,0.27,0.16,0.08,0.06,0.04,0.01,0.000001,0.000001,"COTY,COTY INC"
CPB,"CAMPBELL SOUP CO",0.00000001,0.0000001,0.01,0.01,0.02,0.05,0.12,0.27,0.2,0.1,0.05,0.03,0.0001,0.00001,0.000001,0.000001,"CPB,CAMPBELL SOUP CO"
CRM,"SALESFORCE.COM INC",0.00000001,0.0000001,0.01,0.01,0.02,0.04,0.09,0.22,0.4,0.1,0.07,0.02,0.01,0.00001,0.000001,0.000001,"CRM,SALESFORCE.COM INC"
CSCO,"CISCO SYSTEMS INC",0.00000001,0.0000001,0.000001,0.01,0.03,0.06,0.09,0.18,0.26,0.07,0.04,0.02,0.01,0.00001,0.000001,0.000001,"CSCO,CISCO SYSTEMS INC"
CSX,"CSX CORP",0.00000001,0.0000001,0.01,0.02,0.03,0.03,0.1,0.25,0.4,0.19,0.11,0.03,0.01,0.01,0.000001,0.000001,"CSX,CSX CORP"
CTAS,"CINTAS CORP",0.00000001,0.0000001,0.000001,0.00001,0.01,0.02,0.03,0.18,0.36,0.15,0.07,0.01,0.0001,0.00001,0.000001,0.000001,"CTAS,CINTAS CORP"
CTL,"CENTURYLINK INC",0.00000001,0.01,0.01,0.06,0.07,0.15,0.24,0.37,0.29,0.17,0.11,0.05,0.04,0.02,0.000001,0.000001,"CTL,CENTURYLINK INC"
CTSH,"COGNIZANT TECH SOLUTIONS",0.00000001,0.0000001,0.01,0.02,0.04,0.06,0.12,0.21,0.28,0.14,0.07,0.001,0.0001,0.00001,0.000001,0.000001,"CTSH,COGNIZANT TECH SOLUTIONS"
CTXS,"CITRIX SYSTEMS INC",0.00000001,0.0000001,0.01,0.03,0.03,0.04,0.1,0.24,0.33,0.09,0.04,0.02,0.01,0.00001,0.000001,0.000001,"CTXS,CITRIX SYSTEMS INC"
CVS,"CVS HEALTH CORP",0.00000001,0.0000001,0.000001,0.04,0.05,0.09,0.23,0.31,0.27,0.13,0.04,0.001,0.0001,0.00001,0.000001,0.000001,"CVS,CVS HEALTH CORP"
CVX,"CHEVRON CORP",0.00000001,0.0000001,0.000001,0.02,0.02,0.03,0.07,0.19,0.28,0.11,0.04,0.02,0.0001,0.00001,0.000001,0.000001,"CVX,CHEVRON CORP"
CXO,"CONCHO RESOURCES INC",0.00000001,0.0000001,0.01,0.04,0.1,0.14,0.17,0.3,0.36,0.2,0.12,0.05,0.03,0.01,0.000001,0.000001,"CXO,CONCHO RESOURCES INC"
D,"DOMINION ENERGY INC",0.00000001,0.0000001,0.000001,0.00001,0.0001,0.03,0.1,0.23,0.21,0.04,0.01,0.001,0.0001,0.00001,0.000001,0.000001,"D,DOMINION ENERGY INC"
DAL,"DELTA AIR LINES INC",0.00000001,0.0000001,0.000001,0.03,0.04,0.07,0.17,0.29,0.32,0.21,0.11,0.04,0.01,0.00001,0.000001,0.000001,"DAL,DELTA AIR LINES INC"
DE,"DEERE & CO",0.00000001,0.0000001,0.000001,0.00001,0.01,0.07,0.15,0.23,0.33,0.15,0.09,0.04,0.04,0.00001,0.000001,0.000001,"DE,DEERE & CO"
DFS,"DISCOVER FINANCIAL SVCS",0.00000001,0.0000001,0.000001,0.00001,0.01,0.05,0.09,0.25,0.25,0.1,0.03,0.03,0.03,0.00001,0.000001,0.000001,"DFS,DISCOVER FINANCIAL SVCS"
DG,"DOLLAR GENERAL CORP",0.00000001,0.0000001,0.01,0.01,0.04,0.06,0.1,0.22,0.32,0.16,0.07,0.04,0.0001,0.00001,0.000001,0.000001,"DG,DOLLAR GENERAL CORP"
DGX,"QUEST DIAGNOSTICS INC",0.00000001,0.0000001,0.000001,0.01,0.02,0.05,0.06,0.12,0.29,0.07,0.02,0.01,0.0001,0.00001,0.000001,0.000001,"DGX,QUEST DIAGNOSTICS INC"
DHI,"D R HORTON INC",0.00000001,0.0000001,0.01,0.02,0.03,0.03,0.12,0.24,0.31,0.17,0.07,0.02,0.0001,0.00001,0.000001,0.000001,"DHI,D R HORTON INC"
DHR,"DANAHER CORP",0.00000001,0.01,0.01,0.01,0.02,0.03,0.06,0.18,0.24,0.05,0.01,0.001,0.0001,0.00001,0.000001,0.000001,"DHR,DANAHER CORP"
DIS,"DISNEY (WALT) CO",0.00000001,0.0000001,0.000001,0.00001,0.01,0.04,0.08,0.22,0.22,0.06,0.01,0.001,0.0001,0.00001,0.000001,0.000001,"DIS,DISNEY (WALT) CO"
DISCA,"DISCOVERY INC",0.00000001,0.0000001,0.000001,0.08,0.09,0.15,0.2,0.31,0.33,0.18,0.11,0.05,0.03,0.01,0.000001,0.000001,"DISCA,DISCOVERY INC"
DISCB,"DISCOVERY INC",0.00000001,0.0000001,0.02,0.05,0.1,0.14,0.22,0.32,0.3,0.19,0.13,0.07,0.04,0.04,0.000001,0.000001,"DISCB,DISCOVERY INC"
DISCK,"DISCOVERY INC",0.00000001,0.0000001,0.000001,0.08,0.11,0.14,0.2,0.31,0.33,0.18,0.1,0.07,0.03,0.01,0.000001,0.000001,"DISCK,DISCOVERY INC"
DISH,"DISH NETWORK CORP",0.00000001,0.0000001,0.01,0.04,0.08,0.13,0.21,0.36,0.27,0.14,0.08,0.04,0.01,0.00001,0.000001,0.000001,"DISH,DISH NETWORK CORP"
DLR,"DIGITAL REALTY TRUST INC",0.00000001,0.0000001,0.000001,0.00001,0.01,0.04,0.1,0.18,0.31,0.14,0.04,0.01,0.0001,0.00001,0.000001,0.000001,"DLR,DIGITAL REALTY TRUST INC"
DLTR,"DOLLAR TREE INC",0.00000001,0.0000001,0.01,0.03,0.06,0.08,0.18,0.27,0.33,0.18,0.08,0.03,0.03,0.01,0.000001,0.000001,"DLTR,DOLLAR TREE INC"
DOV,"DOVER CORP",0.00000001,0.0000001,0.01,0.01,0.02,0.05,0.11,0.24,0.31,0.14,0.06,0.03,0.0001,0.00001,0.000001,0.000001,"DOV,DOVER CORP"
DPS,"DR PEPPER SNAPPLE GROUP INC",0.00000001,0.0000001,0.000001,0.00001,0.0001,0.01,0.05,0.2,0.21,0.05,0.04,0.02,0.01,0.01,0.000001,0.000001,"DPS,DR PEPPER SNAPPLE GROUP INC"
DRE,"DUKE REALTY CORP",0.00000001,0.0000001,0.000001,0.01,0.02,0.05,0.13,0.22,0.27,0.13,0.03,0.001,0.0001,0.00001,0.000001,0.000001,"DRE,DUKE REALTY CORP"
DRI,"DARDEN RESTAURANTS INC",0.00000001,0.0000001,0.000001,0.03,0.03,0.07,0.12,0.26,0.35,0.18,0.08,0.05,0.01,0.00001,0.000001,0.000001,"DRI,DARDEN RESTAURANTS INC"
DTE,"DTE ENERGY CO",0.00000001,0.0000001,0.000001,0.00001,0.0001,0.01,0.06,0.16,0.2,0.05,0.01,0.001,0.0001,0.00001,0.000001,0.000001,"DTE,DTE ENERGY CO"
DUK,"DUKE ENERGY CORP",0.00000001,0.0000001,0.000001,0.00001,0.0001,0.02,0.09,0.2,0.21,0.06,0.01,0.001,0.0001,0.00001,0.000001,0.000001,"DUK,DUKE ENERGY CORP"
DVA,"DAVITA INC",0.00000001,0.0000001,0.000001,0.02,0.04,0.07,0.18,0.28,0.27,0.12,0.05,0.02,0.01,0.01,0.000001,0.000001,"DVA,DAVITA INC"
DVN,"DEVON ENERGY CORP",0.00000001,0.02,0.06,0.09,0.13,0.18,0.21,0.38,0.36,0.26,0.16,0.13,0.09,0.03,0.000001,0.000001,"DVN,DEVON ENERGY CORP"
DWDP,"DOWDUPONT INC",0.00000001,0.0000001,0.000001,0.02,0.03,0.05,0.09,0.2,0.28,0.14,0.04,0.01,0.0001,0.00001,0.000001,0.000001,"DWDP,DOWDUPONT INC"
DXC,"DXC TECHNOLOGY COMPANY",0.01,0.01,0.01,0.03,0.05,0.07,0.13,0.21,0.33,0.21,0.11,0.05,0.02,0.01,0.01,0,"DXC,DXC TECHNOLOGY COMPANY"
EA,"ELECTRONIC ARTS INC",0.00000001,0.0000001,0.000001,0.03,0.03,0.06,0.12,0.24,0.34,0.2,0.07,0.04,0.02,0.00001,0.000001,0.000001,"EA,ELECTRONIC ARTS INC"
EBAY,"EBAY INC",0.00000001,0.0000001,0.000001,0.03,0.05,0.07,0.13,0.27,0.3,0.16,0.08,0.03,0.02,0.00001,0.000001,0.000001,"EBAY,EBAY INC"
ECL,"ECOLAB INC",0.00000001,0.0000001,0.000001,0.01,0.01,0.01,0.03,0.11,0.17,0.02,0.01,0.001,0.0001,0.00001,0.000001,0.000001,"ECL,ECOLAB INC"
ED,"CONSOLIDATED EDISON INC",0.00000001,0.0000001,0.000001,0.00001,0.0001,0.04,0.08,0.19,0.21,0.04,0.01,0.001,0.0001,0.00001,0.000001,0.000001,"ED,CONSOLIDATED EDISON INC"
EFX,"EQUIFAX INC",0.01,0.01,0.01,0.03,0.03,0.05,0.08,0.15,0.26,0.13,0.05,0.03,0.02,0,0,0,"EFX,EQUIFAX INC"
EIX,"EDISON INTERNATIONAL",0.00000001,0.0000001,0.01,0.01,0.03,0.04,0.08,0.21,0.24,0.05,0.01,0.001,0.0001,0.00001,0.000001,0.000001,"EIX,EDISON INTERNATIONAL"
EL,"LAUDER (ESTEE) COS INC -CL A",0.00000001,0.0000001,0.000001,0.00001,0.01,0.04,0.08,0.16,0.31,0.09,0.03,0.001,0.0001,0.00001,0.000001,0.000001,"EL,LAUDER (ESTEE) COS INC -CL A"
EMN,"EASTMAN CHEMICAL CO",0.00000001,0.0000001,0.000001,0.01,0.03,0.04,0.09,0.22,0.3,0.15,0.06,0.001,0.0001,0.00001,0.000001,0.000001,"EMN,EASTMAN CHEMICAL CO"
EMR,"EMERSON ELECTRIC CO",0.00000001,0.0000001,0.000001,0.00001,0.02,0.05,0.12,0.24,0.35,0.14,0.06,0.02,0.0001,0.00001,0.000001,0.000001,"EMR,EMERSON ELECTRIC CO"
EOG,"EOG RESOURCES INC",0.00000001,0.0000001,0.000001,0.01,0.05,0.08,0.16,0.25,0.28,0.19,0.08,0.06,0.02,0.01,0.000001,0.000001,"EOG,EOG RESOURCES INC"
EQIX,"EQUINIX INC",0.00000001,0.0000001,0.01,0.01,0.02,0.03,0.08,0.16,0.27,0.09,0.02,0.01,0.01,0.00001,0.000001,0.000001,"EQIX,EQUINIX INC"
EQR,"EQUITY RESIDENTIAL",0.00000001,0.0000001,0.000001,0.00001,0.02,0.06,0.1,0.3,0.24,0.04,0.01,0.001,0.0001,0.00001,0.000001,0.000001,"EQR,EQUITY RESIDENTIAL"
EQT,"EQT CORP",0.00000001,0.0000001,0.02,0.06,0.1,0.13,0.22,0.38,0.36,0.18,0.04,0.04,0.01,0.00001,0.000001,0.000001,"EQT,EQT CORP"
ES,"EVERSOURCE ENERGY",0.00000001,0.0000001,0.000001,0.00001,0.01,0.02,0.06,0.21,0.19,0.04,0.01,0.001,0.0001,0.00001,0.000001,0.000001,"ES,EVERSOURCE ENERGY"
ESRX,"EXPRESS SCRIPTS HOLDING CO",0.00000001,0.0000001,0.01,0.03,0.07,0.09,0.17,0.25,0.28,0.12,0.05,0.02,0.01,0.00001,0.000001,0.000001,"ESRX,EXPRESS SCRIPTS HOLDING CO"
ESS,"ESSEX PROPERTY TRUST",0.00000001,0.0000001,0.000001,0.01,0.02,0.07,0.11,0.29,0.28,0.1,0.03,0.001,0.0001,0.00001,0.000001,0.000001,"ESS,ESSEX PROPERTY TRUST"
ETFC,"E TRADE FINANCIAL CORP",0.00000001,0.0000001,0.000001,0.02,0.05,0.07,0.13,0.24,0.41,0.2,0.09,0.04,0.01,0.00001,0.000001,0.000001,"ETFC,E TRADE FINANCIAL CORP"
ETH,Ethereum,0.00000001,0.03,0.09,0.19,0.22,0.29,0.36,0.39,0.52,0.46,0.44,0.4,0.37,0.27,0.19,0.11,"ETH,Ethereum"
ETN,"EATON CORP PLC",0.00000001,0.0000001,0.000001,0.00001,0.01,0.04,0.1,0.21,0.33,0.13,0.04,0.01,0.0001,0.00001,0.000001,0.000001,"ETN,EATON CORP PLC"
ETR,"ENTERGY CORP",0.00000001,0.0000001,0.000001,0.00001,0.0001,0.01,0.08,0.22,0.24,0.07,0.01,0.001,0.0001,0.00001,0.000001,0.000001,"ETR,ENTERGY CORP"
EVHC,"ENVISION HEALTHCARE CORP",0.01,0.01,0.02,0.08,0.08,0.17,0.25,0.32,0.34,0.2,0.12,0.06,0.04,0,0,0,"EVHC,ENVISION HEALTHCARE CORP"
EVRG,"EVERGY INC",0.00000001,0.0000001,0.000001,0.01,0.01,0.02,0.06,0.2,0.21,0.08,0.04,0.01,0.0001,0.00001,0.000001,0.000001,"EVRG,EVERGY INC"
EW,"EDWARDS LIFESCIENCES CORP",0.01,0.02,0.02,0.02,0.04,0.06,0.1,0.18,0.28,0.15,0.08,0.04,0.03,0.01,0,0,"EW,EDWARDS LIFESCIENCES CORP"
EXC,"EXELON CORP",0.00000001,0.0000001,0.000001,0.00001,0.0001,0.01,0.06,0.18,0.26,0.1,0.04,0.02,0.0001,0.00001,0.000001,0.000001,"EXC,EXELON CORP"
EXPD,"EXPEDITORS INTL WASH INC",0.00000001,0.0000001,0.000001,0.00001,0.0001,0.04,0.07,0.14,0.26,0.07,0.02,0.01,0.0001,0.00001,0.000001,0.000001,"EXPD,EXPEDITORS INTL WASH INC"
EXPE,"EXPEDIA GROUP INC",0.00000001,0.0000001,0.02,0.04,0.06,0.08,0.15,0.23,0.38,0.15,0.07,0.02,0.01,0.00001,0.000001,0.000001,"EXPE,EXPEDIA GROUP INC"
EXR,"EXTRA SPACE STORAGE INC",0.00000001,0.0000001,0.000001,0.01,0.03,0.06,0.14,0.3,0.36,0.17,0.04,0.03,0.0001,0.00001,0.000001,0.000001,"EXR,EXTRA SPACE STORAGE INC"
F,"FORD MOTOR CO",0.00000001,0.0000001,0.000001,0.01,0.05,0.07,0.16,0.32,0.26,0.09,0.04,0.01,0.0001,0.00001,0.000001,0.000001,"F,FORD MOTOR CO"
FAST,"FASTENAL CO",0.00000001,0.0000001,0.000001,0.02,0.02,0.08,0.15,0.26,0.34,0.17,0.06,0.05,0.01,0.00001,0.000001,0.000001,"FAST,FASTENAL CO"
FB,"FACEBOOK INC",0.00000001,0.0000001,0.01,0.04,0.04,0.05,0.1,0.19,0.37,0.15,0.03,0.01,0.01,0.01,0.000001,0.000001,"FB,FACEBOOK INC"
FBHS,"FORTUNE BRANDS HOME & SECUR",0.00000001,0.0000001,0.000001,0.02,0.03,0.06,0.12,0.21,0.29,0.09,0.04,0.01,0.0001,0.00001,0.000001,0.000001,"FBHS,FORTUNE BRANDS HOME & SECUR"
FCX,"FREEPORT-MCMORAN INC",0.00000001,0.05,0.06,0.1,0.15,0.24,0.3,0.38,0.44,0.34,0.23,0.17,0.12,0.05,0.01,0.000001,"FCX,FREEPORT-MCMORAN INC"
FDX,"FEDEX CORP",0.00000001,0.0000001,0.000001,0.03,0.05,0.07,0.1,0.18,0.33,0.11,0.06,0.03,0.01,0.00001,0.000001,0.000001,"FDX,FEDEX CORP"
FE,"FIRSTENERGY CORP",0.00000001,0.0000001,0.000001,0.00001,0.01,0.05,0.13,0.29,0.31,0.15,0.03,0.01,0.0001,0.00001,0.000001,0.000001,"FE,FIRSTENERGY CORP"
FFIV,"F5 NETWORKS INC",0.00000001,0.0000001,0.000001,0.01,0.02,0.04,0.14,0.23,0.34,0.17,0.06,0.02,0.01,0.00001,0.000001,0.000001,"FFIV,F5 NETWORKS INC"
FIS,"FIDELITY NATIONAL INFO SVCS",0.00000001,0.0000001,0.000001,0.00001,0.01,0.02,0.07,0.17,0.23,0.07,0.02,0.02,0.01,0.00001,0.000001,0.000001,"FIS,FIDELITY NATIONAL INFO SVCS"
FISV,"FISERV INC",0.01,0.01,0.01,0.02,0.02,0.03,0.05,0.13,0.27,0.05,0.02,0.01,0,0,0,0,"FISV,FISERV INC"
FITB,"FIFTH THIRD BANCORP",0.00000001,0.0000001,0.000001,0.02,0.03,0.07,0.15,0.26,0.34,0.14,0.05,0.03,0.02,0.00001,0.000001,0.000001,"FITB,FIFTH THIRD BANCORP"
FITBI,"FIFTH THIRD BANCORP",0.00000001,0.0000001,0.000001,0.00001,0.0001,0.01,0.01,0.12,0.12,0.01,0.01,0.001,0.0001,0.00001,0.000001,0.000001,"FITBI,FIFTH THIRD BANCORP"
FL,"FOOT LOCKER INC",0.00000001,0.01,0.02,0.08,0.1,0.16,0.27,0.36,0.34,0.23,0.13,0.04,0.03,0.02,0.000001,0.000001,"FL,FOOT LOCKER INC"
FLIR,"FLIR SYSTEMS INC",0.00000001,0.0000001,0.000001,0.00001,0.02,0.03,0.09,0.16,0.33,0.16,0.07,0.04,0.01,0.00001,0.000001,0.000001,"FLIR,FLIR SYSTEMS INC"
FLR,"FLUOR CORP",0.00000001,0.01,0.01,0.04,0.05,0.09,0.16,0.29,0.34,0.18,0.1,0.06,0.03,0.00001,0.000001,0.000001,"FLR,FLUOR CORP"
FLS,"FLOWSERVE CORP",0.00000001,0.0000001,0.000001,0.04,0.08,0.13,0.19,0.33,0.4,0.2,0.11,0.03,0.0001,0.00001,0.000001,0.000001,"FLS,FLOWSERVE CORP"
FMC,"FMC CORP",0.00000001,0.0000001,0.000001,0.01,0.04,0.09,0.13,0.24,0.37,0.2,0.1,0.06,0.03,0.01,0.000001,0.000001,"FMC,FMC CORP"
FOX,"TWENTY-FIRST CENTURY FOX INC",0.00000001,0.0000001,0.000001,0.01,0.01,0.06,0.11,0.24,0.34,0.16,0.05,0.04,0.01,0.00001,0.000001,0.000001,"FOX,TWENTY-FIRST CENTURY FOX INC"
FOXA,"TWENTY-FIRST CENTURY FOX INC",0.00000001,0.0000001,0.000001,0.01,0.03,0.07,0.12,0.24,0.35,0.17,0.05,0.04,0.01,0.00001,0.000001,0.000001,"FOXA,TWENTY-FIRST CENTURY FOX INC"
FRT,"FEDERAL REALTY INVESTMENT TR",0.00000001,0.0000001,0.000001,0.01,0.03,0.05,0.09,0.26,0.26,0.05,0.01,0.001,0.0001,0.00001,0.000001,0.000001,"FRT,FEDERAL REALTY INVESTMENT TR"
FTI,"TECHNIPFMC PLC",0.00000001,0.0000001,0.01,0.02,0.05,0.11,0.19,0.34,0.33,0.17,0.11,0.07,0.07,0.02,0.01,0.01,"FTI,TECHNIPFMC PLC"
FTV,"FORTIVE CORP",0.00000001,0.0000001,0.000001,0.00001,0.0001,0.01,0.03,0.11,0.19,0.1,0.02,0.02,0.01,0.00001,0.000001,0.000001,"FTV,FORTIVE CORP"
GD,"GENERAL DYNAMICS CORP",0.00000001,0.0000001,0.000001,0.01,0.01,0.02,0.05,0.2,0.27,0.08,0.04,0.01,0.0001,0.00001,0.000001,0.000001,"GD,GENERAL DYNAMICS CORP"
GE,"GENERAL ELECTRIC CO",0.00000001,0.0000001,0.000001,0.01,0.05,0.08,0.18,0.3,0.19,0.07,0.01,0.001,0.0001,0.00001,0.000001,0.000001,"GE,GENERAL ELECTRIC CO"
GGP,"GGP INC",0.00000001,0.0000001,0.000001,0.02,0.06,0.12,0.16,0.3,0.28,0.09,0.03,0.03,0.01,0.01,0.000001,0.000001,"GGP,GGP INC"
GILD,"GILEAD SCIENCES INC",0.00000001,0.0000001,0.000001,0.01,0.04,0.08,0.16,0.36,0.27,0.16,0.05,0.05,0.02,0.00001,0.000001,0.000001,"GILD,GILEAD SCIENCES INC"
GIS,"GENERAL MILLS INC",0.00000001,0.0000001,0.000001,0.02,0.03,0.06,0.08,0.24,0.22,0.07,0.01,0.001,0.0001,0.00001,0.000001,0.000001,"GIS,GENERAL MILLS INC"
GLW,"CORNING INC",0.00000001,0.0000001,0.000001,0.02,0.03,0.04,0.09,0.17,0.29,0.13,0.08,0.05,0.03,0.00001,0.000001,0.000001,"GLW,CORNING INC"
GM,"GENERAL MOTORS CO",0.00000001,0.0000001,0.01,0.01,0.02,0.07,0.14,0.26,0.29,0.14,0.07,0.03,0.01,0.00001,0.000001,0.000001,"GM,GENERAL MOTORS CO"
GOOG,"ALPHABET INC",0.00000001,0.0000001,0.000001,0.01,0.04,0.07,0.09,0.19,0.42,0.18,0.03,0.001,0.0001,0.00001,0.000001,0.000001,"GOOG,ALPHABET INC"
GOOGL,"ALPHABET INC",0.00000001,0.0000001,0.000001,0.01,0.04,0.05,0.09,0.17,0.38,0.18,0.02,0.001,0.0001,0.00001,0.000001,0.000001,"GOOGL,ALPHABET INC"
GPC,"GENUINE PARTS CO",0.00000001,0.0000001,0.000001,0.01,0.05,0.06,0.09,0.24,0.29,0.08,0.06,0.02,0.0001,0.00001,0.000001,0.000001,"GPC,GENUINE PARTS CO"
GPN,"GLOBAL PAYMENTS INC",0.01,0.01,0.01,0.03,0.04,0.07,0.13,0.24,0.37,0.17,0.06,0.04,0.02,0,0,0,"GPN,GLOBAL PAYMENTS INC"
GPS,"GAP INC",0.00000001,0.0000001,0.03,0.1,0.12,0.18,0.25,0.38,0.44,0.28,0.2,0.11,0.05,0.01,0.000001,0.000001,"GPS,GAP INC"
GRMN,"GARMIN LTD",0.00000001,0.0000001,0.000001,0.02,0.03,0.03,0.09,0.2,0.3,0.13,0.07,0.04,0.02,0.02,0.000001,0.000001,"GRMN,GARMIN LTD"
GS,"GOLDMAN SACHS GROUP INC",0.00000001,0.0000001,0.000001,0.01,0.02,0.05,0.16,0.26,0.31,0.13,0.04,0.03,0.02,0.00001,0.000001,0.000001,"GS,GOLDMAN SACHS GROUP INC"
GT,"GOODYEAR TIRE & RUBBER CO",0.00000001,0.0000001,0.01,0.06,0.09,0.13,0.2,0.31,0.36,0.14,0.08,0.02,0.01,0.00001,0.000001,0.000001,"GT,GOODYEAR TIRE & RUBBER CO"
GWW,"GRAINGER (W W) INC",0.00000001,0.0000001,0.01,0.01,0.05,0.08,0.15,0.23,0.37,0.19,0.08,0.04,0.02,0.01,0.000001,0.000001,"GWW,GRAINGER (W W) INC"
HAL,"HALLIBURTON CO",0.00000001,0.0000001,0.000001,0.02,0.03,0.15,0.22,0.33,0.36,0.22,0.12,0.04,0.01,0.00001,0.000001,0.000001,"HAL,HALLIBURTON CO"
HAS,"HASBRO INC",0.00000001,0.0000001,0.000001,0.00001,0.0001,0.04,0.14,0.28,0.33,0.12,0.08,0.02,0.01,0.00001,0.000001,0.000001,"HAS,HASBRO INC"
HBAN,"HUNTINGTON BANCSHARES",0.00000001,0.0000001,0.000001,0.01,0.04,0.05,0.13,0.22,0.35,0.16,0.06,0.03,0.01,0.00001,0.000001,0.000001,"HBAN,HUNTINGTON BANCSHARES"
HBI,"HANESBRANDS INC",0.00000001,0.01,0.03,0.05,0.06,0.1,0.19,0.32,0.35,0.18,0.07,0.04,0.01,0.01,0.000001,0.000001,"HBI,HANESBRANDS INC"
HCA,"HCA HEALTHCARE INC",0.00000001,0.0000001,0.000001,0.00001,0.01,0.03,0.08,0.23,0.28,0.13,0.08,0.03,0.01,0.00001,0.000001,0.000001,"HCA,HCA HEALTHCARE INC"
HCP,"HCP INC",0.00000001,0.01,0.01,0.04,0.05,0.11,0.17,0.31,0.35,0.14,0.04,0.001,0.0001,0.00001,0.000001,0.000001,"HCP,HCP INC"
HD,"HOME DEPOT INC",0.00000001,0.0000001,0.000001,0.01,0.01,0.04,0.05,0.19,0.26,0.11,0.03,0.001,0.0001,0.00001,0.000001,0.000001,"HD,HOME DEPOT INC"
HES,"HESS CORP",0.00000001,0.0000001,0.02,0.06,0.14,0.17,0.26,0.36,0.39,0.27,0.2,0.1,0.06,0.00001,0.000001,0.000001,"HES,HESS CORP"
HIG,"HARTFORD FINANCIAL SERVICES",0.00000001,0.0000001,0.000001,0.00001,0.02,0.03,0.11,0.23,0.23,0.07,0.01,0.001,0.0001,0.00001,0.000001,0.000001,"HIG,HARTFORD FINANCIAL SERVICES"
HII,"HUNTINGTON INGALLS IND INC",0.00000001,0.0000001,0.000001,0.00001,0.02,0.04,0.08,0.16,0.32,0.15,0.06,0.03,0.03,0.00001,0.000001,0.000001,"HII,HUNTINGTON INGALLS IND INC"
HLT,"HILTON WORLDWIDE HOLDINGS",0.00000001,0.0000001,0.000001,0.03,0.03,0.06,0.09,0.23,0.36,0.13,0.07,0.05,0.02,0.01,0.01,0.01,"HLT,HILTON WORLDWIDE HOLDINGS"
HOG,"HARLEY-DAVIDSON INC",0.00000001,0.0000001,0.01,0.03,0.06,0.1,0.17,0.33,0.29,0.18,0.07,0.01,0.0001,0.00001,0.000001,0.000001,"HOG,HARLEY-DAVIDSON INC"
HOLX,"HOLOGIC INC",0.00000001,0.0000001,0.000001,0.02,0.04,0.05,0.1,0.25,0.29,0.13,0.02,0.001,0.0001,0.00001,0.000001,0.000001,"HOLX,HOLOGIC INC"
HON,"HONEYWELL INTERNATIONAL INC",0.00000001,0.0000001,0.000001,0.00001,0.01,0.03,0.05,0.13,0.2,0.05,0.04,0.001,0.0001,0.00001,0.000001,0.000001,"HON,HONEYWELL INTERNATIONAL INC"
HP,"HELMERICH & PAYNE",0.00000001,0.0000001,0.000001,0.07,0.12,0.18,0.24,0.4,0.35,0.26,0.14,0.11,0.05,0.02,0.000001,0.000001,"HP,HELMERICH & PAYNE"
HPE,"HEWLETT PACKARD ENTERPRISE",0.00000001,0.02,0.02,0.07,0.12,0.15,0.2,0.29,0.37,0.22,0.1,0.07,0.05,0.01,0.000001,0.000001,"HPE,HEWLETT PACKARD ENTERPRISE"
HPQ,"HP INC",0.01,0.01,0.01,0.04,0.05,0.08,0.16,0.25,0.32,0.22,0.12,0.04,0.02,0,0,0,"HPQ,HP INC"
HRB,"BLOCK H & R INC",0.00000001,0.0000001,0.04,0.07,0.08,0.12,0.18,0.27,0.27,0.14,0.07,0.05,0.03,0.00001,0.000001,0.000001,"HRB,BLOCK H & R INC"
HRL,"HORMEL FOODS CORP",0.01,0.01,0.01,0.02,0.03,0.05,0.11,0.24,0.25,0.07,0.04,0.01,0,0,0,0,"HRL,HORMEL FOODS CORP"
HRS,"HARRIS CORP",0.00000001,0.0000001,0.01,0.01,0.01,0.02,0.03,0.12,0.32,0.07,0.02,0.01,0.0001,0.00001,0.000001,0.000001,"HRS,HARRIS CORP"
HSIC,"SCHEIN (HENRY) INC",0.01,0.01,0.02,0.02,0.04,0.06,0.12,0.22,0.32,0.06,0.03,0.02,0.01,0,0,0,"HSIC,SCHEIN (HENRY) INC"
HST,"HOST HOTELS & RESORTS INC",0.00000001,0.0000001,0.000001,0.02,0.03,0.09,0.13,0.25,0.28,0.17,0.06,0.02,0.01,0.00001,0.000001,0.000001,"HST,HOST HOTELS & RESORTS INC"
HSY,"HERSHEY CO",0.00000001,0.0000001,0.000001,0.02,0.02,0.05,0.07,0.18,0.17,0.05,0.01,0.01,0.01,0.00001,0.000001,0.000001,"HSY,HERSHEY CO"
HUM,"HUMANA INC",0.00000001,0.0000001,0.01,0.01,0.04,0.05,0.1,0.23,0.32,0.15,0.09,0.04,0.01,0.00001,0.000001,0.000001,"HUM,HUMANA INC"
IBM,"INTL BUSINESS MACHINES CORP",0.00000001,0.0000001,0.000001,0.00001,0.02,0.04,0.08,0.17,0.21,0.09,0.02,0.001,0.0001,0.00001,0.000001,0.000001,"IBM,INTL BUSINESS MACHINES CORP"
ICE,"INTERCONTINENTAL EXCHANGE",0.01,0.01,0.01,0.01,0.02,0.03,0.07,0.2,0.27,0.09,0.04,0.02,0,0,0,0,"ICE,INTERCONTINENTAL EXCHANGE"
IDXX,"IDEXX LABS INC",0.00000001,0.0000001,0.000001,0.00001,0.02,0.06,0.1,0.18,0.45,0.16,0.07,0.02,0.02,0.02,0.000001,0.000001,"IDXX,IDEXX LABS INC"
IFF,"INTL FLAVORS & FRAGRANCES",0.00000001,0.0000001,0.000001,0.01,0.03,0.04,0.09,0.22,0.25,0.06,0.01,0.01,0.0001,0.00001,0.000001,0.000001,"IFF,INTL FLAVORS & FRAGRANCES"
ILMN,"ILLUMINA INC",0.00000001,0.01,0.03,0.05,0.07,0.1,0.14,0.23,0.41,0.26,0.16,0.09,0.03,0.00001,0.000001,0.000001,"ILMN,ILLUMINA INC"
INCY,"INCYTE CORP",0.00000001,0.01,0.04,0.1,0.17,0.22,0.26,0.36,0.41,0.26,0.15,0.11,0.03,0.00001,0.000001,0.000001,"INCY,INCYTE CORP"
INFO,"IHS MARKIT LTD",0.01,0.01,0.01,0.02,0.05,0.06,0.08,0.19,0.28,0.08,0.02,0.01,0.01,0,0,0,"INFO,IHS MARKIT LTD"
INTC,"INTEL CORP",0.00000001,0.0000001,0.000001,0.02,0.05,0.07,0.1,0.22,0.29,0.12,0.05,0.02,0.02,0.00001,0.000001,0.000001,"INTC,INTEL CORP"
INTU,"INTUIT INC",0.00000001,0.0000001,0.000001,0.00001,0.0001,0.01,0.05,0.13,0.29,0.14,0.03,0.01,0.01,0.00001,0.000001,0.000001,"INTU,INTUIT INC"
IP,"INTL PAPER CO",0.00000001,0.0000001,0.000001,0.00001,0.02,0.07,0.12,0.27,0.33,0.18,0.07,0.02,0.0001,0.00001,0.000001,0.000001,"IP,INTL PAPER CO"
IPG,"INTERPUBLIC GROUP OF COS",0.00000001,0.0000001,0.000001,0.01,0.03,0.05,0.16,0.24,0.27,0.13,0.04,0.02,0.01,0.01,0.000001,0.000001,"IPG,INTERPUBLIC GROUP OF COS"
IPGP,"IPG PHOTONICS CORP",0.00000001,0.0000001,0.02,0.04,0.06,0.08,0.1,0.14,0.41,0.24,0.07,0.05,0.04,0.01,0.000001,0.000001,"IPGP,IPG PHOTONICS CORP"
IQV,"IQVIA HOLDINGS INC",0.00000001,0.0000001,0.000001,0.00001,0.01,0.06,0.11,0.23,0.36,0.11,0.06,0.03,0.02,0.00001,0.000001,0.000001,"IQV,IQVIA HOLDINGS INC"
IR,"INGERSOLL-RAND PLC",0.00000001,0.0000001,0.000001,0.00001,0.01,0.02,0.09,0.21,0.33,0.18,0.07,0.02,0.0001,0.00001,0.000001,0.000001,"IR,INGERSOLL-RAND PLC"
IRM,"IRON MOUNTAIN INC",0.00000001,0.0000001,0.000001,0.03,0.04,0.07,0.2,0.28,0.33,0.17,0.03,0.02,0.01,0.00001,0.000001,0.000001,"IRM,IRON MOUNTAIN INC"
ISRG,"INTUITIVE SURGICAL INC",0.01,0.01,0.01,0.01,0.03,0.05,0.09,0.17,0.4,0.18,0.04,0.02,0,0,0,0,"ISRG,INTUITIVE SURGICAL INC"
IT,"GARTNER INC",0.00000001,0.0000001,0.01,0.01,0.02,0.04,0.11,0.21,0.28,0.15,0.07,0.03,0.02,0.00001,0.000001,0.000001,"IT,GARTNER INC"
ITW,"ILLINOIS TOOL WORKS",0.00000001,0.0000001,0.000001,0.02,0.03,0.04,0.07,0.17,0.28,0.12,0.03,0.02,0.0001,0.00001,0.000001,0.000001,"ITW,ILLINOIS TOOL WORKS"
IVZ,"INVESCO LTD",0.00000001,0.0000001,0.02,0.04,0.05,0.09,0.2,0.35,0.33,0.19,0.09,0.04,0.01,0.00001,0.000001,0.000001,"IVZ,INVESCO LTD"
JBHT,"HUNT (JB) TRANSPRT SVCS INC",0.00000001,0.0000001,0.000001,0.00001,0.0001,0.06,0.1,0.27,0.31,0.13,0.09,0.03,0.0001,0.00001,0.000001,0.000001,"JBHT,HUNT (JB) TRANSPRT SVCS INC"
JCI,"JOHNSON CONTROLS INTL PLC",0.00000001,0.0000001,0.01,0.04,0.05,0.1,0.15,0.25,0.27,0.12,0.04,0.001,0.0001,0.00001,0.000001,0.000001,"JCI,JOHNSON CONTROLS INTL PLC"
JEC,"JACOBS ENGINEERING GROUP INC",0.00000001,0.0000001,0.000001,0.02,0.03,0.08,0.13,0.27,0.36,0.16,0.08,0.04,0.02,0.01,0.000001,0.000001,"JEC,JACOBS ENGINEERING GROUP INC"
JEF,"JEFFERIES FINANCIAL GRP INC",0.00000001,0.0000001,0.000001,0.01,0.02,0.08,0.11,0.25,0.28,0.14,0.08,0.04,0.01,0.00001,0.000001,0.000001,"JEF,JEFFERIES FINANCIAL GRP INC"
JNJ,"JOHNSON & JOHNSON",0.00000001,0.0000001,0.000001,0.00001,0.01,0.01,0.03,0.17,0.26,0.04,0.01,0.01,0.0001,0.00001,0.000001,0.000001,"JNJ,JOHNSON & JOHNSON"
JNPR,"JUNIPER NETWORKS INC",0.00000001,0.0000001,0.000001,0.01,0.05,0.09,0.16,0.28,0.25,0.11,0.04,0.02,0.02,0.00001,0.000001,0.000001,"JNPR,JUNIPER NETWORKS INC"
JPM,"JPMORGAN CHASE & CO",0.00000001,0.0000001,0.000001,0.01,0.01,0.02,0.05,0.22,0.34,0.12,0.05,0.02,0.0001,0.00001,0.000001,0.000001,"JPM,JPMORGAN CHASE & CO"
JWN,"NORDSTROM INC",0.00000001,0.01,0.04,0.07,0.08,0.13,0.22,0.34,0.36,0.27,0.13,0.04,0.02,0.01,0.000001,0.000001,"JWN,NORDSTROM INC"
K,"KELLOGG CO",0.00000001,0.0000001,0.000001,0.00001,0.01,0.01,0.1,0.24,0.22,0.13,0.03,0.01,0.0001,0.00001,0.000001,0.000001,"K,KELLOGG CO"
KEY,KEYCORP,0.00000001,0.0000001,0.000001,0.01,0.01,0.06,0.12,0.25,0.29,0.17,0.06,0.04,0.03,0.00001,0.000001,0.000001,"KEY,KEYCORP"
KHC,"KRAFT HEINZ CO",0.00000001,0.0000001,0.000001,0.00001,0.02,0.05,0.11,0.24,0.24,0.08,0.02,0.02,0.0001,0.00001,0.000001,0.000001,"KHC,KRAFT HEINZ CO"
KIM,"KIMCO REALTY CORP",0.00000001,0.0000001,0.000001,0.02,0.05,0.08,0.16,0.37,0.28,0.14,0.05,0.01,0.0001,0.00001,0.000001,0.000001,"KIM,KIMCO REALTY CORP"
KLAC,"KLA-TENCOR CORP",0.00000001,0.0000001,0.000001,0.02,0.03,0.08,0.13,0.21,0.38,0.15,0.04,0.01,0.01,0.01,0.000001,0.000001,"KLAC,KLA-TENCOR CORP"
KMB,"KIMBERLY-CLARK CORP",0.00000001,0.0000001,0.000001,0.00001,0.01,0.02,0.07,0.23,0.22,0.02,0.01,0.001,0.0001,0.00001,0.000001,0.000001,"KMB,KIMBERLY-CLARK CORP"
KMI,"KINDER MORGAN INC",0.01,0.01,0.02,0.05,0.07,0.12,0.18,0.34,0.28,0.12,0.05,0.04,0.03,0.02,0.01,0,"KMI,KINDER MORGAN INC"
KMX,"CARMAX INC",0.00000001,0.0000001,0.01,0.02,0.02,0.05,0.15,0.26,0.33,0.15,0.08,0.04,0.0001,0.00001,0.000001,0.000001,"KMX,CARMAX INC"
KO,"COCA-COLA CO",0.00000001,0.0000001,0.000001,0.00001,0.0001,0.01,0.05,0.13,0.14,0.01,0.01,0.001,0.0001,0.00001,0.000001,0.000001,"KO,COCA-COLA CO"
KORS,"MICHAEL KORS HOLDINGS LTD",0.00000001,0.0000001,0.01,0.04,0.09,0.1,0.15,0.31,0.33,0.2,0.11,0.07,0.04,0.03,0.000001,0.000001,"KORS,MICHAEL KORS HOLDINGS LTD"
KR,"KROGER CO",0.00000001,0.01,0.01,0.03,0.04,0.09,0.2,0.32,0.3,0.15,0.08,0.03,0.02,0.00001,0.000001,0.000001,"KR,KROGER CO"
KSS,"KOHL'S CORP",0.00000001,0.0000001,0.04,0.06,0.08,0.15,0.25,0.34,0.43,0.3,0.19,0.07,0.04,0.02,0.000001,0.000001,"KSS,KOHL'S CORP"
KSU,"KANSAS CITY SOUTHERN",0.00000001,0.0000001,0.01,0.01,0.03,0.07,0.11,0.27,0.31,0.13,0.07,0.04,0.0001,0.00001,0.000001,0.000001,"KSU,KANSAS CITY SOUTHERN"
L,"LOEWS CORP",0.00000001,0.0000001,0.000001,0.01,0.02,0.02,0.04,0.13,0.19,0.09,0.02,0.001,0.0001,0.00001,0.000001,0.000001,"L,LOEWS CORP"
LB,"L BRANDS INC",0.00000001,0.01,0.05,0.1,0.11,0.19,0.27,0.35,0.29,0.17,0.1,0.03,0.01,0.00001,0.000001,0.000001,"LB,L BRANDS INC"
LEG,"LEGGETT & PLATT INC",0.00000001,0.0000001,0.000001,0.00001,0.0001,0.06,0.12,0.25,0.28,0.09,0.04,0.01,0.0001,0.00001,0.000001,0.000001,"LEG,LEGGETT & PLATT INC"
LEN,"LENNAR CORP",0.00000001,0.0000001,0.01,0.01,0.04,0.06,0.14,0.31,0.32,0.15,0.05,0.02,0.0001,0.00001,0.000001,0.000001,"LEN,LENNAR CORP"
LH,"LABORATORY CP OF AMER HLDGS",0.00000001,0.0000001,0.000001,0.01,0.02,0.04,0.07,0.17,0.31,0.08,0.02,0.001,0.0001,0.00001,0.000001,0.000001,"LH,LABORATORY CP OF AMER HLDGS"
LKQ,"LKQ CORP",0.00000001,0.0000001,0.01,0.03,0.03,0.04,0.14,0.22,0.29,0.15,0.07,0.02,0.0001,0.00001,0.000001,0.000001,"LKQ,LKQ CORP"
LLL,"L3 TECHNOLOGIES INC",0.00000001,0.0000001,0.000001,0.01,0.02,0.03,0.07,0.15,0.3,0.11,0.06,0.02,0.01,0.00001,0.000001,0.000001,"LLL,L3 TECHNOLOGIES INC"
LLY,"LILLY (ELI) & CO",0.00000001,0.0000001,0.000001,0.02,0.02,0.04,0.08,0.2,0.33,0.05,0.03,0.01,0.0001,0.00001,0.000001,0.000001,"LLY,LILLY (ELI) & CO"
LMT,"LOCKHEED MARTIN CORP",0.00000001,0.0000001,0.000001,0.01,0.01,0.02,0.06,0.16,0.26,0.09,0.02,0.01,0.0001,0.00001,0.000001,0.000001,"LMT,LOCKHEED MARTIN CORP"
LNC,"LINCOLN NATIONAL CORP",0.00000001,0.0000001,0.03,0.04,0.05,0.09,0.16,0.28,0.41,0.2,0.08,0.04,0.02,0.01,0.000001,0.000001,"LNC,LINCOLN NATIONAL CORP"
LNT,"ALLIANT ENERGY CORP",0.01,0.01,0.01,0.01,0.01,0.03,0.09,0.23,0.3,0.06,0.01,0,0,0,0,0,"LNT,ALLIANT ENERGY CORP"
LOW,"LOWE'S COMPANIES INC",0.00000001,0.0000001,0.000001,0.01,0.02,0.05,0.13,0.24,0.28,0.17,0.07,0.02,0.01,0.00001,0.000001,0.000001,"LOW,LOWE'S COMPANIES INC"
LRCX,"LAM RESEARCH CORP",0.00000001,0.0000001,0.000001,0.03,0.07,0.09,0.11,0.24,0.42,0.26,0.11,0.05,0.03,0.00001,0.000001,0.000001,"LRCX,LAM RESEARCH CORP"
LUV,"SOUTHWEST AIRLINES",0.00000001,0.0000001,0.000001,0.02,0.03,0.08,0.17,0.29,0.32,0.18,0.08,0.04,0.02,0.00001,0.000001,0.000001,"LUV,SOUTHWEST AIRLINES"
LYB,"LYONDELLBASELL INDUSTRIES NV",0.00000001,0.0000001,0.000001,0.02,0.05,0.06,0.09,0.21,0.32,0.15,0.01,0.001,0.0001,0.00001,0.000001,0.000001,"LYB,LYONDELLBASELL INDUSTRIES NV"
M,"MACY'S INC",0.00000001,0.02,0.07,0.1,0.13,0.18,0.25,0.33,0.38,0.27,0.16,0.1,0.05,0.02,0.000001,0.000001,"M,MACY'S INC"
MA,"MASTERCARD INC",0.00000001,0.0000001,0.000001,0.01,0.02,0.02,0.05,0.14,0.32,0.11,0.01,0.001,0.0001,0.00001,0.000001,0.000001,"MA,MASTERCARD INC"
MAA,"MID-AMERICA APT CMNTYS INC",0.00000001,0.0000001,0.000001,0.02,0.03,0.05,0.11,0.26,0.3,0.1,0.05,0.001,0.0001,0.00001,0.000001,0.000001,"MAA,MID-AMERICA APT CMNTYS INC"
MAC,"MACERICH CO",0.00000001,0.0000001,0.000001,0.02,0.04,0.07,0.16,0.26,0.24,0.07,0.02,0.01,0.01,0.01,0.000001,0.000001,"MAC,MACERICH CO"
MAR,"MARRIOTT INTL INC",0.00000001,0.0000001,0.000001,0.00001,0.03,0.05,0.12,0.2,0.34,0.14,0.07,0.01,0.0001,0.00001,0.000001,0.000001,"MAR,MARRIOTT INTL INC"
MAS,"MASCO CORP",0.00000001,0.0000001,0.000001,0.01,0.02,0.04,0.09,0.22,0.29,0.13,0.05,0.04,0.0001,0.00001,0.000001,0.000001,"MAS,MASCO CORP"
MAT,"MATTEL INC",0.00000001,0.0000001,0.03,0.06,0.08,0.14,0.21,0.36,0.26,0.16,0.07,0.06,0.02,0.01,0.01,0.000001,"MAT,MATTEL INC"
MCD,"MCDONALD'S CORP",0.00000001,0.0000001,0.000001,0.00001,0.0001,0.02,0.06,0.13,0.21,0.06,0.02,0.001,0.0001,0.00001,0.000001,0.000001,"MCD,MCDONALD'S CORP"
MCHP,"MICROCHIP TECHNOLOGY INC",0.00000001,0.0000001,0.02,0.03,0.04,0.06,0.1,0.19,0.41,0.18,0.06,0.03,0.01,0.00001,0.000001,0.000001,"MCHP,MICROCHIP TECHNOLOGY INC"
MCK,"MCKESSON CORP",0.00000001,0.0000001,0.02,0.03,0.07,0.13,0.2,0.29,0.3,0.14,0.05,0.02,0.01,0.00001,0.000001,0.000001,"MCK,MCKESSON CORP"
MCO,"MOODY'S CORP",0.00000001,0.0000001,0.000001,0.02,0.02,0.03,0.07,0.21,0.34,0.13,0.06,0.001,0.0001,0.00001,0.000001,0.000001,"MCO,MOODY'S CORP"
MDLZ,"MONDELEZ INTERNATIONAL INC",0.00000001,0.0000001,0.01,0.02,0.02,0.02,0.05,0.17,0.17,0.07,0.02,0.001,0.0001,0.00001,0.000001,0.000001,"MDLZ,MONDELEZ INTERNATIONAL INC"
MDT,"MEDTRONIC PLC",0.00000001,0.0000001,0.000001,0.00001,0.01,0.02,0.07,0.17,0.27,0.03,0.01,0.001,0.0001,0.00001,0.000001,0.000001,"MDT,MEDTRONIC PLC"
MET,"METLIFE INC",0.00000001,0.0000001,0.03,0.04,0.05,0.07,0.11,0.28,0.31,0.14,0.05,0.02,0.01,0.00001,0.000001,0.000001,"MET,METLIFE INC"
MGM,"MGM RESORTS INTERNATIONAL",0.00000001,0.0000001,0.01,0.04,0.06,0.12,0.17,0.29,0.45,0.21,0.1,0.06,0.0001,0.00001,0.000001,0.000001,"MGM,MGM RESORTS INTERNATIONAL"
MHK,"MOHAWK INDUSTRIES INC",0.00000001,0.0000001,0.01,0.02,0.05,0.07,0.12,0.21,0.27,0.08,0.02,0.01,0.01,0.00001,0.000001,0.000001,"MHK,MOHAWK INDUSTRIES INC"
MKC,"MCCORMICK & CO INC",0.00000001,0.0000001,0.000001,0.00001,0.0001,0.01,0.07,0.21,0.24,0.07,0.02,0.02,0.01,0.00001,0.000001,0.000001,"MKC,MCCORMICK & CO INC"
MLM,"MARTIN MARIETTA MATERIALS",0.00000001,0.0000001,0.000001,0.01,0.05,0.08,0.15,0.3,0.36,0.2,0.09,0.04,0.02,0.00001,0.000001,0.000001,"MLM,MARTIN MARIETTA MATERIALS"
MMC,"MARSH & MCLENNAN COS",0.00000001,0.0000001,0.000001,0.00001,0.0001,0.01,0.02,0.12,0.21,0.03,0.01,0.001,0.0001,0.00001,0.000001,0.000001,"MMC,MARSH & MCLENNAN COS"
MMM,"3M CO",0.00000001,0.0000001,0.000001,0.01,0.03,0.04,0.07,0.14,0.24,0.06,0.03,0.01,0.0001,0.00001,0.000001,0.000001,"MMM,3M CO"
MNST,"MONSTER BEVERAGE CORP",0.01,0.01,0.01,0.03,0.04,0.04,0.11,0.27,0.27,0.15,0.09,0.02,0.02,0,0,0,"MNST,MONSTER BEVERAGE CORP"
MO,"ALTRIA GROUP INC",0.00000001,0.0000001,0.000001,0.01,0.02,0.04,0.07,0.21,0.21,0.04,0.03,0.01,0.0001,0.00001,0.000001,0.000001,"MO,ALTRIA GROUP INC"
MOS,"MOSAIC CO",0.00000001,0.0000001,0.01,0.06,0.08,0.15,0.21,0.32,0.32,0.21,0.11,0.07,0.02,0.00001,0.000001,0.000001,"MOS,MOSAIC CO"
MPC,"MARATHON PETROLEUM CORP",0.00000001,0.01,0.01,0.05,0.07,0.1,0.12,0.23,0.39,0.19,0.09,0.05,0.02,0.00001,0.000001,0.000001,"MPC,MARATHON PETROLEUM CORP"
MRK,"MERCK & CO",0.00000001,0.0000001,0.000001,0.02,0.02,0.02,0.04,0.16,0.24,0.05,0.03,0.001,0.0001,0.00001,0.000001,0.000001,"MRK,MERCK & CO"
MRO,"MARATHON OIL CORP",0.00000001,0.03,0.07,0.1,0.16,0.2,0.23,0.35,0.38,0.27,0.16,0.12,0.1,0.06,0.000001,0.000001,"MRO,MARATHON OIL CORP"
MS,"MORGAN STANLEY",0.00000001,0.0000001,0.000001,0.03,0.03,0.06,0.16,0.26,0.37,0.17,0.05,0.04,0.02,0.00001,0.000001,0.000001,"MS,MORGAN STANLEY"
MSCI,"MSCI INC",0.00000001,0.0000001,0.000001,0.00001,0.0001,0.01,0.07,0.17,0.4,0.14,0.04,0.02,0.01,0.00001,0.000001,0.000001,"MSCI,MSCI INC"
MSFT,"MICROSOFT CORP",0.00000001,0.0000001,0.000001,0.02,0.03,0.03,0.04,0.13,0.35,0.13,0.03,0.01,0.01,0.00001,0.000001,0.000001,"MSFT,MICROSOFT CORP"
MSI,"MOTOROLA SOLUTIONS INC",0.00000001,0.0000001,0.000001,0.00001,0.01,0.04,0.07,0.17,0.35,0.09,0.03,0.01,0.0001,0.00001,0.000001,0.000001,"MSI,MOTOROLA SOLUTIONS INC"
MTB,"M & T BANK CORP",0.00000001,0.0000001,0.000001,0.01,0.01,0.03,0.08,0.19,0.29,0.11,0.06,0.03,0.0001,0.00001,0.000001,0.000001,"MTB,M & T BANK CORP"
MTD,"METTLER-TOLEDO INTL INC",0.00000001,0.0000001,0.000001,0.01,0.01,0.03,0.06,0.18,0.38,0.12,0.05,0.01,0.0001,0.00001,0.000001,0.000001,"MTD,METTLER-TOLEDO INTL INC"
MU,"MICRON TECHNOLOGY INC",0.00000001,0.01,0.03,0.08,0.09,0.15,0.2,0.26,0.45,0.36,0.22,0.13,0.07,0.01,0.000001,0.000001,"MU,MICRON TECHNOLOGY INC"
MYL,"MYLAN NV",0.00000001,0.0000001,0.01,0.07,0.07,0.12,0.2,0.32,0.34,0.2,0.08,0.04,0.02,0.01,0.000001,0.000001,"MYL,MYLAN NV"
NBL,"NOBLE ENERGY INC",0.00000001,0.0000001,0.03,0.08,0.1,0.15,0.21,0.37,0.38,0.22,0.15,0.05,0.04,0.01,0.000001,0.000001,"NBL,NOBLE ENERGY INC"
NCLH,"NORWEGIAN CRUISE LINE HLDGS",0.00000001,0.0000001,0.02,0.07,0.09,0.13,0.23,0.36,0.37,0.2,0.11,0.05,0.03,0.01,0.000001,0.000001,"NCLH,NORWEGIAN CRUISE LINE HLDGS"
NDAQ,"NASDAQ INC",0.00000001,0.0000001,0.000001,0.00001,0.0001,0.01,0.04,0.16,0.26,0.11,0.03,0.01,0.0001,0.00001,0.000001,0.000001,"NDAQ,NASDAQ INC"
NEE,"NEXTERA ENERGY INC",0.00000001,0.0000001,0.000001,0.00001,0.01,0.01,0.04,0.09,0.22,0.04,0.01,0.001,0.0001,0.00001,0.000001,0.000001,"NEE,NEXTERA ENERGY INC"
NEM,"NEWMONT MINING CORP",0.00000001,0.0000001,0.01,0.02,0.09,0.13,0.19,0.31,0.38,0.2,0.14,0.09,0.06,0.02,0.000001,0.000001,"NEM,NEWMONT MINING CORP"
NFLX,"NETFLIX INC",0.00000001,0.0000001,0.01,0.02,0.04,0.13,0.18,0.29,0.41,0.24,0.2,0.11,0.07,0.02,0.000001,0.000001,"NFLX,NETFLIX INC"
NFX,"NEWFIELD EXPLORATION CO",0.00000001,0.0000001,0.04,0.1,0.14,0.19,0.28,0.36,0.32,0.24,0.15,0.08,0.05,0.03,0.000001,0.000001,"NFX,NEWFIELD EXPLORATION CO"
NI,"NISOURCE INC",0.00000001,0.0000001,0.000001,0.00001,0.01,0.02,0.07,0.15,0.21,0.06,0.01,0.001,0.0001,0.00001,0.000001,0.000001,"NI,NISOURCE INC"
NKE,"NIKE INC",0.01,0.01,0.01,0.02,0.03,0.08,0.12,0.25,0.27,0.14,0.08,0.04,0,0,0,0,"NKE,NIKE INC"
NKTR,"NEKTAR THERAPEUTICS",0.00000001,0.02,0.07,0.1,0.15,0.22,0.26,0.34,0.45,0.38,0.28,0.24,0.16,0.05,0.02,0.000001,"NKTR,NEKTAR THERAPEUTICS"
NLSN,"NIELSEN HOLDINGS PLC",0.00000001,0.01,0.02,0.04,0.04,0.06,0.11,0.34,0.24,0.08,0.05,0.01,0.0001,0.00001,0.000001,0.000001,"NLSN,NIELSEN HOLDINGS PLC"
NOC,"NORTHROP GRUMMAN CORP",0.00000001,0.0000001,0.000001,0.01,0.01,0.03,0.05,0.13,0.24,0.06,0.03,0.01,0.0001,0.00001,0.000001,0.000001,"NOC,NORTHROP GRUMMAN CORP"
NOV,"NATIONAL OILWELL VARCO INC",0.00000001,0.0000001,0.01,0.06,0.09,0.15,0.23,0.37,0.36,0.25,0.15,0.08,0.02,0.01,0.000001,0.000001,"NOV,NATIONAL OILWELL VARCO INC"
NRG,"NRG ENERGY INC",0.00000001,0.0000001,0.03,0.08,0.1,0.13,0.22,0.32,0.42,0.26,0.16,0.09,0.07,0.02,0.01,0.000001,"NRG,NRG ENERGY INC"
NSC,"NORFOLK SOUTHERN CORP",0.00000001,0.0000001,0.000001,0.01,0.03,0.05,0.09,0.24,0.33,0.21,0.09,0.06,0.0001,0.00001,0.000001,0.000001,"NSC,NORFOLK SOUTHERN CORP"
NTAP,"NETAPP INC",0.00000001,0.0000001,0.01,0.01,0.05,0.07,0.12,0.24,0.32,0.23,0.12,0.07,0.04,0.02,0.000001,0.000001,"NTAP,NETAPP INC"
NTRS,"NORTHERN TRUST CORP",0.00000001,0.0000001,0.000001,0.02,0.02,0.07,0.09,0.2,0.33,0.14,0.04,0.03,0.01,0.00001,0.000001,0.000001,"NTRS,NORTHERN TRUST CORP"
NTRSP,"NORTHERN TRUST CORP",0.00000001,0.0000001,0.000001,0.00001,0.0001,0.01,0.01,0.08,0.04,0.01,0.01,0.001,0.0001,0.00001,0.000001,0.000001,"NTRSP,NORTHERN TRUST CORP"
NUE,"NUCOR CORP",0.00000001,0.0000001,0.000001,0.02,0.04,0.06,0.22,0.33,0.36,0.23,0.12,0.07,0.03,0.00001,0.000001,0.000001,"NUE,NUCOR CORP"
NVDA,"NVIDIA CORP",0.00000001,0.0000001,0.000001,0.05,0.05,0.1,0.13,0.19,0.45,0.34,0.25,0.15,0.08,0.04,0.000001,0.000001,"NVDA,NVIDIA CORP"
NWL,"NEWELL BRANDS INC",0.00000001,0.01,0.02,0.05,0.07,0.1,0.19,0.35,0.3,0.17,0.09,0.03,0.01,0.00001,0.000001,0.000001,"NWL,NEWELL BRANDS INC"
NWS,"NEWS CORP",0.00000001,0.0000001,0.01,0.02,0.03,0.07,0.14,0.23,0.29,0.1,0.04,0.01,0.0001,0.00001,0.000001,0.000001,"NWS,NEWS CORP"
NWSA,"NEWS CORP",0.00000001,0.0000001,0.01,0.02,0.03,0.06,0.13,0.23,0.33,0.09,0.03,0.01,0.01,0.00001,0.000001,0.000001,"NWSA,NEWS CORP"
O,"REALTY INCOME CORP",0.00000001,0.0000001,0.000001,0.01,0.03,0.09,0.12,0.24,0.3,0.1,0.06,0.001,0.0001,0.00001,0.000001,0.000001,"O,REALTY INCOME CORP"
OKE,"ONEOK INC",0.00000001,0.01,0.03,0.05,0.06,0.09,0.17,0.25,0.37,0.18,0.16,0.07,0.05,0.02,0.000001,0.000001,"OKE,ONEOK INC"
OMC,"OMNICOM GROUP",0.00000001,0.0000001,0.000001,0.01,0.02,0.04,0.06,0.26,0.25,0.1,0.03,0.001,0.0001,0.00001,0.000001,0.000001,"OMC,OMNICOM GROUP"
ORCL,"ORACLE CORP",0.00000001,0.0000001,0.000001,0.01,0.01,0.06,0.07,0.21,0.27,0.1,0.05,0.02,0.01,0.00001,0.000001,0.000001,"ORCL,ORACLE CORP"
ORLY,"O'REILLY AUTOMOTIVE INC",0.00000001,0.01,0.01,0.03,0.06,0.1,0.14,0.26,0.32,0.13,0.07,0.04,0.02,0.00001,0.000001,0.000001,"ORLY,O'REILLY AUTOMOTIVE INC"
OXY,"OCCIDENTAL PETROLEUM CORP",0.00000001,0.0000001,0.000001,0.01,0.04,0.05,0.1,0.27,0.24,0.12,0.07,0.01,0.01,0.00001,0.000001,0.000001,"OXY,OCCIDENTAL PETROLEUM CORP"
PAYX,"PAYCHEX INC",0.00000001,0.0000001,0.000001,0.01,0.01,0.05,0.08,0.17,0.27,0.08,0.02,0.02,0.0001,0.00001,0.000001,0.000001,"PAYX,PAYCHEX INC"
PBCT,"PEOPLE'S UNITED FINL INC",0.00000001,0.0000001,0.000001,0.01,0.01,0.03,0.06,0.21,0.25,0.09,0.03,0.001,0.0001,0.00001,0.000001,0.000001,"PBCT,PEOPLE'S UNITED FINL INC"
PCAR,"PACCAR INC",0.00000001,0.0000001,0.01,0.01,0.04,0.1,0.13,0.25,0.34,0.15,0.06,0.01,0.0001,0.00001,0.000001,0.000001,"PCAR,PACCAR INC"
PCG,"PG&E CORP",0.00000001,0.0000001,0.02,0.02,0.04,0.05,0.1,0.21,0.22,0.07,0.02,0.001,0.0001,0.00001,0.000001,0.000001,"PCG,PG&E CORP"
PEG,"PUBLIC SERVICE ENTRP GRP INC",0.00000001,0.0000001,0.000001,0.00001,0.0001,0.03,0.07,0.24,0.23,0.08,0.01,0.001,0.0001,0.00001,0.000001,0.000001,"PEG,PUBLIC SERVICE ENTRP GRP INC"
PEP,"PEPSICO INC",0.00000001,0.0000001,0.000001,0.00001,0.0001,0.01,0.06,0.13,0.17,0.06,0.01,0.001,0.0001,0.00001,0.000001,0.000001,"PEP,PEPSICO INC"
PFE,"PFIZER INC",0.00000001,0.0000001,0.000001,0.01,0.01,0.02,0.08,0.15,0.17,0.09,0.01,0.001,0.0001,0.00001,0.000001,0.000001,"PFE,PFIZER INC"
PFG,"PRINCIPAL FINANCIAL GRP INC",0.00000001,0.0000001,0.01,0.03,0.03,0.07,0.15,0.22,0.29,0.15,0.03,0.01,0.0001,0.00001,0.000001,0.000001,"PFG,PRINCIPAL FINANCIAL GRP INC"
PG,"PROCTER & GAMBLE CO",0.00000001,0.0000001,0.000001,0.00001,0.0001,0.02,0.06,0.13,0.16,0.01,0.01,0.001,0.0001,0.00001,0.000001,0.000001,"PG,PROCTER & GAMBLE CO"
PGR,"PROGRESSIVE CORP-OHIO",0.00000001,0.0000001,0.000001,0.00001,0.01,0.03,0.06,0.19,0.33,0.1,0.01,0.001,0.0001,0.00001,0.000001,0.000001,"PGR,PROGRESSIVE CORP-OHIO"
PH,"PARKER-HANNIFIN CORP",0.00000001,0.0000001,0.000001,0.02,0.04,0.06,0.11,0.22,0.35,0.16,0.05,0.03,0.01,0.00001,0.000001,0.000001,"PH,PARKER-HANNIFIN CORP"
PHM,"PULTEGROUP INC",0.00000001,0.0000001,0.000001,0.03,0.04,0.06,0.14,0.27,0.37,0.15,0.08,0.03,0.0001,0.00001,0.000001,0.000001,"PHM,PULTEGROUP INC"
PKG,"PACKAGING CORP OF AMERICA",0.00000001,0.0000001,0.000001,0.02,0.03,0.05,0.12,0.25,0.33,0.16,0.08,0.01,0.01,0.00001,0.000001,0.000001,"PKG,PACKAGING CORP OF AMERICA"
PKI,"PERKINELMER INC",0.00000001,0.0000001,0.000001,0.02,0.03,0.05,0.09,0.18,0.37,0.13,0.02,0.02,0.0001,0.00001,0.000001,0.000001,"PKI,PERKINELMER INC"
PLD,"PROLOGIS INC",0.00000001,0.0000001,0.000001,0.00001,0.02,0.04,0.08,0.24,0.36,0.14,0.01,0.001,0.0001,0.00001,0.000001,0.000001,"PLD,PROLOGIS INC"
PM,"PHILIP MORRIS INTERNATIONAL",0.00000001,0.0000001,0.01,0.02,0.04,0.04,0.09,0.23,0.23,0.1,0.01,0.001,0.0001,0.00001,0.000001,0.000001,"PM,PHILIP MORRIS INTERNATIONAL"
PNC,"PNC FINANCIAL SVCS GROUP INC",0.00000001,0.0000001,0.000001,0.01,0.01,0.01,0.1,0.22,0.32,0.1,0.05,0.01,0.01,0.00001,0.000001,0.000001,"PNC,PNC FINANCIAL SVCS GROUP INC"
PNR,"PENTAIR PLC",0.01,0.01,0.01,0.02,0.04,0.09,0.19,0.29,0.31,0.15,0.05,0.03,0,0,0,0,"PNR,PENTAIR PLC"
PNW,"PINNACLE WEST CAPITAL CORP",0.00000001,0.0000001,0.000001,0.00001,0.0001,0.02,0.07,0.15,0.27,0.07,0.01,0.001,0.0001,0.00001,0.000001,0.000001,"PNW,PINNACLE WEST CAPITAL CORP"
PPG,"PPG INDUSTRIES INC",0.00000001,0.0000001,0.000001,0.01,0.01,0.03,0.1,0.25,0.28,0.08,0.01,0.001,0.0001,0.00001,0.000001,0.000001,"PPG,PPG INDUSTRIES INC"
PPL,"PPL CORP",0.00000001,0.0000001,0.000001,0.01,0.03,0.05,0.13,0.25,0.23,0.05,0.02,0.001,0.0001,0.00001,0.000001,0.000001,"PPL,PPL CORP"
PRGO,"PERRIGO CO PLC",0.00000001,0.01,0.01,0.04,0.06,0.13,0.23,0.36,0.31,0.15,0.03,0.02,0.02,0.00001,0.000001,0.000001,"PRGO,PERRIGO CO PLC"
PRU,"PRUDENTIAL FINANCIAL INC",0.00000001,0.0000001,0.000001,0.03,0.05,0.06,0.13,0.19,0.31,0.14,0.03,0.02,0.0001,0.00001,0.000001,0.000001,"PRU,PRUDENTIAL FINANCIAL INC"
PSA,"PUBLIC STORAGE",0.00000001,0.0000001,0.000001,0.00001,0.02,0.06,0.11,0.25,0.27,0.13,0.02,0.001,0.0001,0.00001,0.000001,0.000001,"PSA,PUBLIC STORAGE"
PSX,"PHILLIPS 66",0.00000001,0.0000001,0.000001,0.01,0.02,0.04,0.09,0.23,0.29,0.13,0.03,0.02,0.0001,0.00001,0.000001,0.000001,"PSX,PHILLIPS 66"
PVH,"PVH CORP",0.00000001,0.0000001,0.02,0.04,0.05,0.09,0.16,0.26,0.37,0.2,0.13,0.06,0.0001,0.00001,0.000001,0.000001,"PVH,PVH CORP"
PWR,"QUANTA SERVICES INC",0.00000001,0.0000001,0.000001,0.03,0.04,0.08,0.12,0.27,0.35,0.19,0.1,0.06,0.02,0.00001,0.000001,0.000001,"PWR,QUANTA SERVICES INC"
PX,"PRAXAIR INC",0.00000001,0.0000001,0.000001,0.00001,0.01,0.04,0.06,0.15,0.29,0.08,0.01,0.001,0.0001,0.00001,0.000001,0.000001,"PX,PRAXAIR INC"
PXD,"PIONEER NATURAL RESOURCES CO",0.00000001,0.0000001,0.01,0.02,0.03,0.1,0.16,0.3,0.33,0.16,0.12,0.08,0.02,0.00001,0.000001,0.000001,"PXD,PIONEER NATURAL RESOURCES CO"
PYPL,"PAYPAL HOLDINGS INC",0.00000001,0.0000001,0.000001,0.03,0.03,0.1,0.12,0.2,0.41,0.24,0.09,0.04,0.01,0.00001,0.000001,0.000001,"PYPL,PAYPAL HOLDINGS INC"
QCOM,"QUALCOMM INC",0.00000001,0.0000001,0.01,0.03,0.05,0.08,0.12,0.26,0.28,0.13,0.08,0.03,0.03,0.00001,0.000001,0.000001,"QCOM,QUALCOMM INC"
QRVO,"QORVO INC",0.00000001,0.0000001,0.03,0.07,0.09,0.13,0.19,0.27,0.37,0.22,0.14,0.09,0.06,0.03,0.000001,0.000001,"QRVO,QORVO INC"
RCL,"ROYAL CARIBBEAN CRUISES LTD",0.00000001,0.0000001,0.01,0.04,0.07,0.08,0.15,0.28,0.29,0.17,0.11,0.07,0.04,0.00001,0.000001,0.000001,"RCL,ROYAL CARIBBEAN CRUISES LTD"
RE,"EVEREST RE GROUP LTD",0.00000001,0.0000001,0.01,0.01,0.01,0.03,0.07,0.18,0.26,0.1,0.04,0.01,0.0001,0.00001,0.000001,0.000001,"RE,EVEREST RE GROUP LTD"
REG,"REGENCY CENTERS CORP",0.00000001,0.0000001,0.000001,0.01,0.03,0.04,0.11,0.25,0.24,0.09,0.01,0.001,0.0001,0.00001,0.000001,0.000001,"REG,REGENCY CENTERS CORP"
REGN,"REGENERON PHARMACEUTICALS",0.00000001,0.0000001,0.000001,0.03,0.08,0.17,0.23,0.37,0.32,0.19,0.14,0.07,0.01,0.00001,0.000001,0.000001,"REGN,REGENERON PHARMACEUTICALS"
RF,"REGIONS FINANCIAL CORP",0.00000001,0.0000001,0.000001,0.02,0.05,0.07,0.12,0.23,0.39,0.15,0.09,0.03,0.02,0.01,0.000001,0.000001,"RF,REGIONS FINANCIAL CORP"
RHI,"ROBERT HALF INTL INC",0.00000001,0.0000001,0.01,0.03,0.06,0.1,0.14,0.26,0.41,0.17,0.08,0.03,0.01,0.00001,0.000001,0.000001,"RHI,ROBERT HALF INTL INC"
RHT,"RED HAT INC",0.00000001,0.01,0.01,0.04,0.05,0.06,0.09,0.18,0.44,0.21,0.06,0.01,0.0001,0.00001,0.000001,0.000001,"RHT,RED HAT INC"
RJF,"RAYMOND JAMES FINANCIAL CORP",0.00000001,0.0000001,0.01,0.01,0.02,0.08,0.12,0.27,0.36,0.16,0.09,0.02,0.01,0.00001,0.000001,0.000001,"RJF,RAYMOND JAMES FINANCIAL CORP"
RL,"RALPH LAUREN CORP",0.00000001,0.01,0.04,0.07,0.09,0.1,0.19,0.29,0.34,0.24,0.09,0.06,0.05,0.03,0.000001,0.000001,"RL,RALPH LAUREN CORP"
RMD,"RESMED INC",0.00000001,0.0000001,0.000001,0.01,0.02,0.05,0.11,0.18,0.34,0.11,0.03,0.01,0.01,0.00001,0.000001,0.000001,"RMD,RESMED INC"
ROK,"ROCKWELL AUTOMATION",0.00000001,0.0000001,0.000001,0.01,0.01,0.03,0.1,0.23,0.34,0.18,0.08,0.001,0.0001,0.00001,0.000001,0.000001,"ROK,ROCKWELL AUTOMATION"
ROP,"ROPER TECHNOLOGIES INC",0.00000001,0.0000001,0.000001,0.00001,0.02,0.02,0.09,0.16,0.3,0.11,0.01,0.001,0.0001,0.00001,0.000001,0.000001,"ROP,ROPER TECHNOLOGIES INC"
ROST,"ROSS STORES INC",0.00000001,0.0000001,0.000001,0.00001,0.02,0.03,0.11,0.19,0.25,0.1,0.08,0.04,0.01,0.00001,0.000001,0.000001,"ROST,ROSS STORES INC"
RRC,"RANGE RESOURCES CORP",0.00000001,0.01,0.08,0.13,0.17,0.24,0.33,0.47,0.34,0.24,0.18,0.08,0.06,0.03,0.01,0.000001,"RRC,RANGE RESOURCES CORP"
RSG,"REPUBLIC SERVICES INC",0.00000001,0.0000001,0.000001,0.00001,0.0001,0.01,0.02,0.12,0.2,0.07,0.01,0.001,0.0001,0.00001,0.000001,0.000001,"RSG,REPUBLIC SERVICES INC"
RTN,"RAYTHEON CO",0.00000001,0.0000001,0.000001,0.01,0.01,0.01,0.04,0.13,0.23,0.1,0.04,0.001,0.0001,0.00001,0.000001,0.000001,"RTN,RAYTHEON CO"
SBAC,"SBA COMMUNICATIONS CORP",0.00000001,0.0000001,0.01,0.02,0.04,0.08,0.13,0.19,0.31,0.17,0.05,0.02,0.02,0.00001,0.000001,0.000001,"SBAC,SBA COMMUNICATIONS CORP"
SBUX,"STARBUCKS CORP",0.00000001,0.0000001,0.000001,0.02,0.03,0.06,0.13,0.23,0.27,0.04,0.01,0.001,0.0001,0.00001,0.000001,0.000001,"SBUX,STARBUCKS CORP"
SCG,"SCANA CORP",0.00000001,0.0000001,0.01,0.03,0.04,0.07,0.14,0.27,0.25,0.07,0.02,0.01,0.01,0.00001,0.000001,0.000001,"SCG,SCANA CORP"
SCHW,"SCHWAB (CHARLES) CORP",0.00000001,0.0000001,0.01,0.03,0.04,0.08,0.14,0.25,0.37,0.25,0.11,0.03,0.01,0.00001,0.000001,0.000001,"SCHW,SCHWAB (CHARLES) CORP"
SEE,"SEALED AIR CORP",0.00000001,0.0000001,0.000001,0.00001,0.03,0.05,0.11,0.24,0.25,0.04,0.02,0.001,0.0001,0.00001,0.000001,0.000001,"SEE,SEALED AIR CORP"
SHW,"SHERWIN-WILLIAMS CO",0.00000001,0.0000001,0.000001,0.00001,0.02,0.03,0.08,0.21,0.32,0.11,0.04,0.02,0.0001,0.00001,0.000001,0.000001,"SHW,SHERWIN-WILLIAMS CO"
SIVB,"SVB FINANCIAL GROUP",0.00000001,0.0000001,0.01,0.06,0.07,0.12,0.18,0.26,0.43,0.25,0.16,0.11,0.04,0.02,0.000001,0.000001,"SIVB,SVB FINANCIAL GROUP"
SJM,"SMUCKER (JM) CO",0.00000001,0.0000001,0.01,0.01,0.03,0.04,0.09,0.22,0.21,0.1,0.04,0.02,0.0001,0.00001,0.000001,0.000001,"SJM,SMUCKER (JM) CO"
SLB,"SCHLUMBERGER LTD",0.00000001,0.0000001,0.000001,0.00001,0.05,0.08,0.16,0.3,0.25,0.12,0.06,0.04,0.01,0.01,0.000001,0.000001,"SLB,SCHLUMBERGER LTD"
SLG,"SL GREEN REALTY CORP",0.00000001,0.0000001,0.01,0.01,0.04,0.08,0.15,0.24,0.25,0.08,0.02,0.001,0.0001,0.00001,0.000001,0.000001,"SLG,SL GREEN REALTY CORP"
SNA,"SNAP-ON INC",0.00000001,0.0000001,0.01,0.01,0.02,0.05,0.07,0.21,0.28,0.11,0.01,0.001,0.0001,0.00001,0.000001,0.000001,"SNA,SNAP-ON INC"
SNPS,"SYNOPSYS INC",0.00000001,0.0000001,0.000001,0.00001,0.02,0.04,0.09,0.17,0.29,0.13,0.02,0.001,0.0001,0.00001,0.000001,0.000001,"SNPS,SYNOPSYS INC"
SO,"SOUTHERN CO",0.00000001,0.0000001,0.000001,0.00001,0.0001,0.02,0.06,0.2,0.2,0.03,0.01,0.001,0.0001,0.00001,0.000001,0.000001,"SO,SOUTHERN CO"
SPG,"SIMON PROPERTY GROUP INC",0.00000001,0.0000001,0.000001,0.01,0.04,0.04,0.15,0.24,0.27,0.05,0.01,0.001,0.0001,0.00001,0.000001,0.000001,"SPG,SIMON PROPERTY GROUP INC"
SPGI,"S&P GLOBAL INC",0.00000001,0.0000001,0.000001,0.01,0.01,0.02,0.05,0.16,0.37,0.13,0.01,0.001,0.0001,0.00001,0.000001,0.000001,"SPGI,S&P GLOBAL INC"
SRCL,"STERICYCLE INC",0.00000001,0.01,0.04,0.05,0.07,0.1,0.15,0.3,0.26,0.12,0.05,0.02,0.01,0.00001,0.000001,0.000001,"SRCL,STERICYCLE INC"
SRCLP,"STERICYCLE INC",0.00000001,0.0000001,0.02,0.04,0.05,0.1,0.15,0.29,0.24,0.1,0.02,0.01,0.0001,0.00001,0.000001,0.000001,"SRCLP,STERICYCLE INC"
SRE,"SEMPRA ENERGY",0.00000001,0.0000001,0.000001,0.00001,0.02,0.03,0.08,0.2,0.22,0.06,0.01,0.01,0.01,0.00001,0.000001,0.000001,"SRE,SEMPRA ENERGY"
STI,"SUNTRUST BANKS INC",0.00000001,0.0000001,0.000001,0.02,0.02,0.05,0.08,0.23,0.34,0.16,0.05,0.03,0.01,0.00001,0.000001,0.000001,"STI,SUNTRUST BANKS INC"
STT,"STATE STREET CORP",0.00000001,0.0000001,0.01,0.02,0.03,0.07,0.13,0.28,0.33,0.14,0.05,0.02,0.01,0.00001,0.000001,0.000001,"STT,STATE STREET CORP"
STX,"SEAGATE TECHNOLOGY PLC",0.00000001,0.01,0.04,0.09,0.09,0.12,0.17,0.26,0.4,0.23,0.15,0.09,0.05,0.02,0.000001,0.000001,"STX,SEAGATE TECHNOLOGY PLC"
STZ,"CONSTELLATION BRANDS",0.00000001,0.0000001,0.000001,0.01,0.02,0.02,0.07,0.13,0.28,0.11,0.01,0.001,0.0001,0.00001,0.000001,0.000001,"STZ,CONSTELLATION BRANDS"
SWK,"STANLEY BLACK & DECKER INC",0.00000001,0.0000001,0.000001,0.01,0.02,0.02,0.08,0.18,0.22,0.09,0.02,0.01,0.0001,0.00001,0.000001,0.000001,"SWK,STANLEY BLACK & DECKER INC"
SWKS,"SKYWORKS SOLUTIONS INC",0.01,0.01,0.03,0.06,0.1,0.14,0.23,0.32,0.36,0.26,0.12,0.08,0.03,0,0,0,"SWKS,SKYWORKS SOLUTIONS INC"
SYF,"SYNCHRONY FINANCIAL",0.00000001,0.0000001,0.02,0.05,0.05,0.1,0.19,0.27,0.31,0.15,0.09,0.04,0.03,0.00001,0.000001,0.000001,"SYF,SYNCHRONY FINANCIAL"
SYK,"STRYKER CORP",0.00000001,0.0000001,0.000001,0.00001,0.02,0.03,0.09,0.15,0.33,0.08,0.02,0.02,0.0001,0.00001,0.000001,0.000001,"SYK,STRYKER CORP"
SYMC,"SYMANTEC CORP",0.00000001,0.01,0.01,0.03,0.08,0.08,0.2,0.28,0.36,0.16,0.08,0.02,0.01,0.01,0.000001,0.000001,"SYMC,SYMANTEC CORP"
SYY,"SYSCO CORP",0.00000001,0.0000001,0.000001,0.00001,0.02,0.03,0.05,0.07,0.16,0.05,0.04,0.02,0.01,0.00001,0.000001,0.000001,"SYY,SYSCO CORP"
T,"AT&T INC",0.00000001,0.0000001,0.000001,0.00001,0.0001,0.05,0.11,0.26,0.2,0.06,0.02,0.001,0.0001,0.00001,0.000001,0.000001,"T,AT&T INC"
TAP,"MOLSON COORS BREWING CO",0.00000001,0.0000001,0.01,0.01,0.04,0.08,0.11,0.27,0.23,0.12,0.04,0.001,0.0001,0.00001,0.000001,0.000001,"TAP,MOLSON COORS BREWING CO"
TDG,"TRANSDIGM GROUP INC",0.00000001,0.0000001,0.01,0.02,0.04,0.06,0.11,0.18,0.39,0.15,0.07,0.03,0.01,0.00001,0.000001,0.000001,"TDG,TRANSDIGM GROUP INC"
TEL,"TE CONNECTIVITY LTD",0.00000001,0.0000001,0.000001,0.02,0.04,0.05,0.08,0.21,0.31,0.13,0.03,0.01,0.0001,0.00001,0.000001,0.000001,"TEL,TE CONNECTIVITY LTD"
TGT,"TARGET CORP",0.00000001,0.0000001,0.01,0.02,0.03,0.06,0.17,0.31,0.33,0.13,0.08,0.04,0.03,0.00001,0.000001,0.000001,"TGT,TARGET CORP"
TIF,"TIFFANY & CO",0.00000001,0.0000001,0.000001,0.04,0.04,0.06,0.13,0.24,0.3,0.19,0.08,0.03,0.01,0.01,0.000001,0.000001,"TIF,TIFFANY & CO"
TJX,"TJX COMPANIES INC",0.00000001,0.0000001,0.000001,0.00001,0.0001,0.04,0.06,0.16,0.26,0.09,0.01,0.001,0.0001,0.00001,0.000001,0.000001,"TJX,TJX COMPANIES INC"
TMK,"TORCHMARK CORP",0.00000001,0.0000001,0.000001,0.01,0.01,0.03,0.05,0.12,0.24,0.08,0.01,0.001,0.0001,0.00001,0.000001,0.000001,"TMK,TORCHMARK CORP"
TMO,"THERMO FISHER SCIENTIFIC INC",0.00000001,0.0000001,0.000001,0.00001,0.0001,0.03,0.08,0.17,0.31,0.14,0.03,0.01,0.0001,0.00001,0.000001,0.000001,"TMO,THERMO FISHER SCIENTIFIC INC"
TPR,"TAPESTRY INC",0.00000001,0.0000001,0.02,0.03,0.05,0.07,0.1,0.17,0.29,0.11,0.04,0.04,0.02,0.01,0.000001,0.000001,"TPR,TAPESTRY INC"
TRIP,"TRIPADVISOR INC",0.00000001,0.02,0.03,0.09,0.13,0.15,0.24,0.34,0.33,0.26,0.16,0.07,0.04,0.01,0.000001,0.000001,"TRIP,TRIPADVISOR INC"
TROW,"PRICE (T. ROWE) GROUP",0.00000001,0.0000001,0.000001,0.02,0.02,0.04,0.1,0.26,0.35,0.12,0.04,0.02,0.01,0.00001,0.000001,0.000001,"TROW,PRICE (T. ROWE) GROUP"
TRV,"TRAVELERS COS INC",0.00000001,0.0000001,0.000001,0.00001,0.01,0.03,0.08,0.14,0.23,0.05,0.02,0.001,0.0001,0.00001,0.000001,0.000001,"TRV,TRAVELERS COS INC"
TSCO,"TRACTOR SUPPLY CO",0.00000001,0.0000001,0.02,0.02,0.05,0.08,0.15,0.31,0.32,0.13,0.07,0.05,0.01,0.00001,0.000001,0.000001,"TSCO,TRACTOR SUPPLY CO"
TSN,"TYSON FOODS INC  -CL A",0.00000001,0.0000001,0.01,0.03,0.03,0.05,0.09,0.24,0.29,0.13,0.06,0.02,0.02,0.00001,0.000001,0.000001,"TSN,TYSON FOODS INC  -CL A"
TSS,"TOTAL SYSTEM SERVICES INC",0.00000001,0.0000001,0.000001,0.02,0.03,0.06,0.13,0.18,0.37,0.15,0.04,0.02,0.01,0.00001,0.000001,0.000001,"TSS,TOTAL SYSTEM SERVICES INC"
TTWO,"TAKE-TWO INTERACTIVE SFTWR",0.00000001,0.0000001,0.000001,0.03,0.04,0.08,0.14,0.2,0.43,0.26,0.16,0.08,0.04,0.00001,0.000001,0.000001,"TTWO,TAKE-TWO INTERACTIVE SFTWR"
TWTR,"TWITTER INC",0.00000001,0.01,0.06,0.13,0.15,0.17,0.24,0.4,0.38,0.31,0.21,0.15,0.1,0.04,0.000001,0.000001,"TWTR,TWITTER INC"
TWX,"TIME WARNER INC",0.00000001,0.0000001,0.000001,0.01,0.03,0.04,0.07,0.14,0.2,0.07,0.03,0.03,0.0001,0.00001,0.000001,0.000001,"TWX,TIME WARNER INC"
TXN,"TEXAS INSTRUMENTS INC",0.00000001,0.0000001,0.000001,0.02,0.02,0.02,0.06,0.18,0.39,0.12,0.03,0.01,0.01,0.00001,0.000001,0.000001,"TXN,TEXAS INSTRUMENTS INC"
TXT,"TEXTRON INC",0.00000001,0.0000001,0.000001,0.02,0.02,0.05,0.12,0.23,0.33,0.1,0.07,0.05,0.01,0.00001,0.000001,0.000001,"TXT,TEXTRON INC"
UA,"UNDER ARMOUR INC",0.00000001,0.0357,0.0476,0.1071,0.1666,0.2023,0.2737,0.3808,0.3332,0.2499,0.1904,0.0714,0.0714,0.0119,0.000001,0.000001,"UA,UNDER ARMOUR INC"
UAA,"UNDER ARMOUR INC",0.01,0.03,0.06,0.1,0.13,0.19,0.32,0.41,0.36,0.2,0.11,0.08,0.06,0.03,0,0,"UAA,UNDER ARMOUR INC"
UAL,"UNITED CONTINENTAL HLDGS INC",0.00000001,0.01,0.03,0.06,0.07,0.15,0.19,0.34,0.41,0.25,0.14,0.08,0.06,0.00001,0.000001,0.000001,"UAL,UNITED CONTINENTAL HLDGS INC"
UDR,"UDR INC",0.00000001,0.0000001,0.000001,0.01,0.01,0.04,0.09,0.24,0.26,0.1,0.01,0.001,0.0001,0.00001,0.000001,0.000001,"UDR,UDR INC"
UHID,"UNIVERSAL HEALTH SVCS INC",0.01,0.02,0.04,0.05,0.05,0.05,0.05,0.05,0.05,0.04,0.04,0.04,0.03,0.02,0,0,"UHID,UNIVERSAL HEALTH SVCS INC"
UHS,"UNIVERSAL HEALTH SVCS INC",0.00000001,0.0000001,0.000001,0.02,0.03,0.07,0.12,0.33,0.28,0.19,0.06,0.02,0.0001,0.00001,0.000001,0.000001,"UHS,UNIVERSAL HEALTH SVCS INC"
ULTA,"ULTA BEAUTY INC",0.00000001,0.0000001,0.02,0.02,0.03,0.09,0.16,0.27,0.32,0.2,0.1,0.04,0.03,0.01,0.000001,0.000001,"ULTA,ULTA BEAUTY INC"
UNH,"UNITEDHEALTH GROUP INC",0.00000001,0.0000001,0.000001,0.00001,0.02,0.02,0.04,0.13,0.26,0.1,0.03,0.001,0.0001,0.00001,0.000001,0.000001,"UNH,UNITEDHEALTH GROUP INC"
UNM,"UNUM GROUP",0.00000001,0.01,0.01,0.03,0.07,0.07,0.13,0.23,0.33,0.14,0.04,0.03,0.01,0.00001,0.000001,0.000001,"UNM,UNUM GROUP"
UNP,"UNION PACIFIC CORP",0.00000001,0.0000001,0.000001,0.01,0.02,0.03,0.09,0.25,0.35,0.17,0.04,0.01,0.0001,0.00001,0.000001,0.000001,"UNP,UNION PACIFIC CORP"
UPS,"UNITED PARCEL SERVICE INC",0.00000001,0.0000001,0.01,0.02,0.02,0.04,0.06,0.17,0.24,0.06,0.01,0.001,0.0001,0.00001,0.000001,0.000001,"UPS,UNITED PARCEL SERVICE INC"
URI,"UNITED RENTALS INC",0.00000001,0.0000001,0.01,0.06,0.07,0.11,0.23,0.32,0.41,0.32,0.18,0.1,0.07,0.01,0.000001,0.000001,"URI,UNITED RENTALS INC"
USB,"U S BANCORP",0.00000001,0.0000001,0.000001,0.00001,0.01,0.01,0.07,0.16,0.23,0.09,0.02,0.001,0.0001,0.00001,0.000001,0.000001,"USB,U S BANCORP"
UTX,"UNITED TECHNOLOGIES CORP",0.00000001,0.0000001,0.000001,0.00001,0.0001,0.02,0.05,0.17,0.21,0.04,0.02,0.001,0.0001,0.00001,0.000001,0.000001,"UTX,UNITED TECHNOLOGIES CORP"
V,"VISA INC",0.00000001,0.0000001,0.000001,0.00001,0.02,0.03,0.07,0.12,0.3,0.07,0.01,0.001,0.0001,0.00001,0.000001,0.000001,"V,VISA INC"
VAR,"VARIAN MEDICAL SYSTEMS INC",0.00000001,0.0000001,0.000001,0.01,0.04,0.06,0.1,0.19,0.3,0.13,0.04,0.02,0.01,0.00001,0.000001,0.000001,"VAR,VARIAN MEDICAL SYSTEMS INC"
VFC,"VF CORP",0.00000001,0.0000001,0.000001,0.02,0.03,0.1,0.15,0.27,0.32,0.16,0.05,0.04,0.02,0.00001,0.000001,0.000001,"VFC,VF CORP"
VIA,"VIACOM INC",0.00000001,0.01,0.02,0.06,0.09,0.14,0.23,0.35,0.28,0.21,0.13,0.05,0.04,0.00001,0.000001,0.000001,"VIA,VIACOM INC"
VIAB,"VIACOM INC",0.00000001,0.01,0.03,0.08,0.1,0.17,0.25,0.32,0.3,0.21,0.15,0.07,0.03,0.00001,0.000001,0.000001,"VIAB,VIACOM INC"
VLO,"VALERO ENERGY CORP",0.00000001,0.0000001,0.01,0.01,0.01,0.04,0.12,0.28,0.36,0.2,0.07,0.04,0.01,0.00001,0.000001,0.000001,"VLO,VALERO ENERGY CORP"
VMC,"VULCAN MATERIALS CO",0.00000001,0.0000001,0.000001,0.02,0.04,0.06,0.14,0.28,0.32,0.19,0.07,0.03,0.01,0.00001,0.000001,0.000001,"VMC,VULCAN MATERIALS CO"
VNO,"VORNADO REALTY TRUST",0.00000001,0.0000001,0.01,0.01,0.03,0.07,0.17,0.25,0.21,0.08,0.01,0.001,0.0001,0.00001,0.000001,0.000001,"VNO,VORNADO REALTY TRUST"
VNORP,"VORNADO REALTY TRUST",0.00000001,0.0000001,0.04,0.09,0.11,0.17,0.23,0.28,0.26,0.15,0.1,0.08,0.04,0.03,0.01,0.000001,"VNORP,VORNADO REALTY TRUST"
VRSK,"VERISK ANALYTICS INC",0.00000001,0.0000001,0.000001,0.00001,0.01,0.03,0.07,0.16,0.24,0.07,0.02,0.01,0.0001,0.00001,0.000001,0.000001,"VRSK,VERISK ANALYTICS INC"
VRSN,"VERISIGN INC",0.00000001,0.0000001,0.000001,0.02,0.02,0.04,0.1,0.18,0.31,0.15,0.06,0.02,0.0001,0.00001,0.000001,0.000001,"VRSN,VERISIGN INC"
VRTX,"VERTEX PHARMACEUTICALS INC",0.00000001,0.0000001,0.02,0.04,0.08,0.14,0.22,0.36,0.41,0.23,0.12,0.09,0.04,0.03,0.000001,0.000001,"VRTX,VERTEX PHARMACEUTICALS INC"
VTR,"VENTAS INC",0.00000001,0.0000001,0.000001,0.01,0.04,0.11,0.15,0.28,0.3,0.16,0.08,0.01,0.0001,0.00001,0.000001,0.000001,"VTR,VENTAS INC"
VZ,"VERIZON COMMUNICATIONS INC",0.00000001,0.0000001,0.000001,0.00001,0.0001,0.04,0.11,0.23,0.24,0.06,0.04,0.02,0.01,0.00001,0.000001,0.000001,"VZ,VERIZON COMMUNICATIONS INC"
WAT,"WATERS CORP",0.00000001,0.0000001,0.000001,0.02,0.03,0.05,0.09,0.19,0.3,0.12,0.03,0.001,0.0001,0.00001,0.000001,0.000001,"WAT,WATERS CORP"
WBA,"WALGREENS BOOTS ALLIANCE INC",0.00000001,0.0000001,0.000001,0.01,0.02,0.07,0.13,0.26,0.26,0.07,0.01,0.001,0.0001,0.00001,0.000001,0.000001,"WBA,WALGREENS BOOTS ALLIANCE INC"
WDC,"WESTERN DIGITAL CORP",0.00000001,0.0000001,0.03,0.09,0.12,0.15,0.26,0.36,0.42,0.24,0.12,0.07,0.03,0.01,0.000001,0.000001,"WDC,WESTERN DIGITAL CORP"
WEC,"WEC ENERGY GROUP INC",0.00000001,0.0000001,0.000001,0.00001,0.0001,0.03,0.07,0.2,0.25,0.05,0.01,0.001,0.0001,0.00001,0.000001,0.000001,"WEC,WEC ENERGY GROUP INC"
WELL,"WELLTOWER INC",0.00000001,0.0000001,0.000001,0.01,0.03,0.07,0.16,0.27,0.29,0.14,0.03,0.01,0.01,0.00001,0.000001,0.000001,"WELL,WELLTOWER INC"
WFC,"WELLS FARGO & CO",0.00000001,0.0000001,0.000001,0.02,0.04,0.05,0.12,0.24,0.29,0.13,0.05,0.02,0.01,0.00001,0.000001,0.000001,"WFC,WELLS FARGO & CO"
WHR,"WHIRLPOOL CORP",0.00000001,0.0000001,0.01,0.03,0.1,0.13,0.2,0.3,0.29,0.16,0.06,0.04,0.01,0.00001,0.000001,0.000001,"WHR,WHIRLPOOL CORP"
WLTW,"WILLIS TOWERS WATSON PLC",0.00000001,0.0000001,0.000001,0.00001,0.0001,0.02,0.04,0.17,0.32,0.1,0.05,0.01,0.01,0.01,0.01,0.01,"WLTW,WILLIS TOWERS WATSON PLC"
WM,"WASTE MANAGEMENT INC",0.00000001,0.0000001,0.000001,0.00001,0.0001,0.01,0.02,0.12,0.24,0.06,0.01,0.001,0.0001,0.00001,0.000001,0.000001,"WM,WASTE MANAGEMENT INC"
WMB,"WILLIAMS COS INC",0.01,0.03,0.04,0.06,0.07,0.11,0.22,0.31,0.35,0.17,0.12,0.08,0.04,0.03,0,0,"WMB,WILLIAMS COS INC"
WMT,"WALMART INC",0.00000001,0.0000001,0.01,0.01,0.01,0.03,0.08,0.16,0.26,0.07,0.03,0.02,0.0001,0.00001,0.000001,0.000001,"WMT,WALMART INC"
WRK,"WESTROCK CO",0.00000001,0.0000001,0.01,0.04,0.05,0.09,0.12,0.29,0.32,0.15,0.09,0.04,0.03,0.00001,0.000001,0.000001,"WRK,WESTROCK CO"
WU,"WESTERN UNION CO",0.00000001,0.0000001,0.000001,0.01,0.02,0.05,0.11,0.24,0.27,0.06,0.03,0.01,0.01,0.00001,0.000001,0.000001,"WU,WESTERN UNION CO"
WY,"WEYERHAEUSER CO",0.00000001,0.0000001,0.000001,0.02,0.03,0.05,0.12,0.27,0.31,0.12,0.04,0.01,0.01,0.00001,0.000001,0.000001,"WY,WEYERHAEUSER CO"
WYNN,"WYNN RESORTS LTD",0.00000001,0.0000001,0.03,0.05,0.08,0.14,0.19,0.25,0.39,0.26,0.2,0.12,0.06,0.03,0.000001,0.000001,"WYNN,WYNN RESORTS LTD"
XEC,"CIMAREX ENERGY CO",0.00000001,0.0000001,0.000001,0.04,0.1,0.15,0.2,0.35,0.29,0.2,0.1,0.04,0.03,0.01,0.000001,0.000001,"XEC,CIMAREX ENERGY CO"
XEL,"XCEL ENERGY INC",0.00000001,0.0000001,0.000001,0.00001,0.0001,0.03,0.06,0.19,0.26,0.06,0.01,0.001,0.0001,0.00001,0.000001,0.000001,"XEL,XCEL ENERGY INC"
XL,"XL GROUP LTD",0.00000001,0.0000001,0.000001,0.03,0.03,0.04,0.08,0.24,0.27,0.13,0.03,0.02,0.02,0.01,0.000001,0.000001,"XL,XL GROUP LTD"
XLNX,"XILINX INC",0.00000001,0.0000001,0.000001,0.01,0.02,0.06,0.13,0.26,0.33,0.16,0.08,0.03,0.02,0.00001,0.000001,0.000001,"XLNX,XILINX INC"
XOM,"EXXON MOBIL CORP",0.00000001,0.0000001,0.000001,0.01,0.02,0.03,0.07,0.15,0.15,0.03,0.01,0.001,0.0001,0.00001,0.000001,0.000001,"XOM,EXXON MOBIL CORP"
XRAY,"DENTSPLY SIRONA INC",0.00000001,0.0000001,0.01,0.02,0.05,0.06,0.14,0.29,0.29,0.1,0.04,0.01,0.0001,0.00001,0.000001,0.000001,"XRAY,DENTSPLY SIRONA INC"
XRX,"XEROX CORP",0.00000001,0.01,0.02,0.05,0.08,0.11,0.16,0.29,0.3,0.17,0.05,0.03,0.02,0.01,0.01,0.01,"XRX,XEROX CORP"
XYL,"XYLEM INC",0.00000001,0.0000001,0.000001,0.00001,0.01,0.03,0.07,0.18,0.34,0.1,0.04,0.02,0.01,0.00001,0.000001,0.000001,"XYL,XYLEM INC"
YUM,"YUM BRANDS INC",0.00000001,0.01,0.01,0.01,0.03,0.04,0.07,0.18,0.25,0.11,0.02,0.001,0.0001,0.00001,0.000001,0.000001,"YUM,YUM BRANDS INC"
ZBH,"ZIMMER BIOMET HOLDINGS INC",0.00000001,0.0000001,0.01,0.02,0.03,0.05,0.1,0.21,0.32,0.1,0.03,0.03,0.01,0.00001,0.000001,0.000001,"ZBH,ZIMMER BIOMET HOLDINGS INC"
ZION,"ZIONS BANCORPORATION",0.00000001,0.0000001,0.000001,0.02,0.03,0.07,0.16,0.25,0.4,0.18,0.06,0.03,0.02,0.00001,0.000001,0.000001,"ZION,ZIONS BANCORPORATION"
ZIONW,"ZIONS BANCORPORATION",0.01,0.04,0.06,0.13,0.18,0.21,0.25,0.31,0.5,0.39,0.34,0.24,0.19,0.09,0.03,0,"ZIONW,ZIONS BANCORPORATION"
ZIONZ,"ZIONS BANCORPORATION",0.05,0.07,0.16,0.19,0.25,0.26,0.29,0.31,0.47,0.41,0.35,0.27,0.23,0.15,0.07,0.01,"ZIONZ,ZIONS BANCORPORATION"
ZTS,"ZOETIS INC",0.00000001,0.0000001,0.000001,0.00001,0.01,0.04,0.08,0.19,0.37,0.12,0.03,0.01,0.0001,0.00001,0.000001,0.000001,"ZTS,ZOETIS INC"
